missing,gender,ethnicit,race1,race2,race3,race4,race5,race6,race7,eas01,eas02,eas03,eas04,eas05,eas06,eas07,eas08,eas09,eas10,eas11,eas12,eas13,eas14,eas15,eas16,eas17,eas18,eas19,eas20,eas21,eas22,eas23,eas24,eas25,eas26,eas27,eas28,eas29,eas30,eas31,eas32,eas33,eas34,eas35,eas36,eas37,eas38,eas39,eas40,eas41,eas42,eas43,eas44,eas45,eas46,eas47,eas48,eas49,eas50,eas51,eas52,eas53,eas54,eas55,eas56,eas57,eas58,eas59,eas60,eas61,eas62,EAS23REV,EAS30REV,EAS06RV,EAS12RV,EAS18RV,EAS24RV,EAS29RV,EAS37RV,EAS43RV,EAS48RV,EAS53RV,EAS57RV,EAS62RV,bfin01,bfin02,bfin03,bfin04,bfin05,bfin06,bfin07,bfin08,BFINEURO,EABEHAV,EADEVAL,EAPROCRA,EADISTRA,EAREPRES,EATOLERA,EATOLREV,MEAQTOT,MEAQBV
0,1,1,0,0,0,0,1,0,0,5,2,2,4,5,4,2,1,4,3,4,5,2,4,1,3,5,1,1,3,1,2,5,4,1,5,2,4,3,5,4,4,4,5,4,5,4,4,4,3,4,5,2,1,5,2,3,2,2,2,4,1,5,3,4,2,4,1,4,2,4,6,2,2,3,2,6,3,4,3,5,5,2,3,1,4,2,4,5,4,4,5,4,28,43,32,29,18,34,40,37,193,48
0,1,1,0,0,0,0,1,0,0,5,4,6,1,6,4,3,6,4,3,6,4,6,5,5,4,4,3,3,5,3,3,6,4,5,5,5,1,2,5,6,4,4,4,1,5,6,6,4,4,1,5,5,5,5,3,4,4,1,5,5,2,2,5,5,1,2,4,5,1,6,2,1,2,3,3,4,3,5,1,2,3,5,5,5,4,2,4,4,4,4,2,2,28,54,62,32,31,23,38,39,241,64
0,1,1,0,0,0,0,1,0,0,3,5,4,1,4,4,3,1,3,5,4,3,4,1,5,2,3,5,4,4,4,4,4,5,4,2,3,1,5,4,4,1,4,5,4,4,4,4,3,4,3,2,4,3,3,3,3,3,3,3,3,1,5,4,2,2,2,2,3,1,5,5,3,3,3,4,2,2,2,3,3,4,2,5,2,1,2,4,5,4,4,4,5,27,26,50,23,27,33,45,32,191,40
0,0,2,0,0,0,0,0,1,0,5,5,5,5,2,5,4,2,5,6,5,5,2,2,4,2,4,5,4,4,1,4,5,5,2,4,2,2,5,5,2,2,4,2,4,4,4,3,1,2,5,1,4,2,4,4,4,5,2,2,1,2,5,4,1,1,6,1,1,1,2,5,2,2,2,2,2,2,2,3,3,2,2,1,2,4,1,5,5,2,1,1,3,32,27,35,22,26,37,54,23,170,35
0,1,1,0,0,0,0,1,0,0,4,5,6,5,5,5,4,4,6,3,5,4,5,2,5,6,4,3,4,5,4,6,5,4,5,3,6,3,4,5,6,4,6,3,5,5,4,6,5,6,4,5,4,5,5,6,4,4,4,3,3,3,4,5,4,3,5,2,3,3,4,4,2,2,2,3,4,3,3,3,3,3,3,2,3,2,2,4,5,4,4,4,4,27,42,57,30,41,51,45,32,253,61
0,1,0,0,0,0,0,1,0,0,4,6,4,5,6,5,1,5,4,2,2,5,6,4,2,2,5,5,5,5,2,2,6,6,2,2,1,1,6,4,5,2,2,4,1,5,5,4,6,2,2,1,6,1,2,1,4,4,1,2,5,4,4,6,2,1,5,1,2,1,1,2,1,3,2,2,2,1,1,2,1,3,3,2,5,4,4,4,2,1,4,4,1,24,39,44,26,17,24,53,24,174,29
0,1,1,0,0,0,0,1,0,0,6,6,6,6,6,6,1,4,6,1,6,6,6,6,6,5,1,4,6,6,1,6,6,6,5,6,6,1,6,6,6,6,6,1,1,6,6,6,6,6,1,6,6,6,6,1,1,1,1,1,6,1,5,6,6,1,6,1,6,1,6,6,1,1,1,1,3,1,1,1,1,6,2,1,1,1,4,4,5,4,4,4,5,25,64,57,27,42,22,58,19,231,64
0,0,1,0,0,0,0,1,0,0,1,6,6,3,5,3,3,2,4,1,3,5,4,3,4,2,4,5,3,4,3,5,3,5,2,3,4,2,5,3,5,5,5,4,3,5,5,4,3,4,4,4,5,4,2,4,4,5,2,4,2,2,5,4,2,3,5,3,3,2,5,4,4,4,4,2,2,2,2,2,2,2,2,2,3,3,4,4,1,5,4,5,1,17,30,51,29,32,35,52,25,202,53
0,1,1,0,1,0,0,0,0,0,6,6,5,5,5,5,5,5,4,3,3,5,4,3,3,2,2,4,6,6,4,3,3,3,6,2,5,4,6,5,4,6,3,4,3,3,5,4,5,4,3,3,6,2,6,2,2,6,3,3,5,4,5,5,3,3,6,4,5,3,4,6,4,2,2,2,3,4,1,2,1,1,2,1,1,3,3,4,4,4,4,4,3,25,52,57,20,27,43,57,20,219,56
0,1,1,0,0,0,0,1,0,0,3,4,4,3,3,4,2,2,3,3,3,4,4,2,3,2,3,4,4,4,2,4,5,5,3,4,3,2,3,4,4,4,5,4,2,2,5,3,2,5,2,3,4,3,3,3,4,3,2,2,2,2,5,2,3,2,3,2,2,2,2,4,2,3,3,3,3,2,4,2,3,4,2,4,3,1,4,3,3,4,2,4,3,18,31,39,21,27,29,44,33,180,42
0,1,1,0,0,0,0,1,0,0,6,6,5,4,2,4,3,4,4,2,1,5,3,4,4,1,2,4,4,5,4,5,5,6,4,4,4,2,4,5,2,3,5,4,2,2,5,3,3,4,3,1,4,4,4,3,4,3,3,3,4,3,4,4,3,3,4,3,4,3,3,4,2,2,3,2,3,1,3,2,3,4,3,3,3,2,5,5,5,5,5,5,4,24,44,46,14,31,35,47,30,200,50
0,1,1,0,0,0,0,1,0,0,5,1,5,5,4,5,2,1,5,1,4,5,5,3,5,5,3,5,5,5,1,5,5,5,4,2,4,1,5,5,5,2,5,2,4,4,5,5,6,5,2,3,4,4,4,4,3,4,1,2,4,4,5,3,3,3,4,2,4,1,3,5,2,2,2,2,2,2,2,2,3,3,2,3,2,1,5,3,3,5,3,5,2,15,39,43,23,34,34,52,25,198,48
0,0,1,0,0,0,0,1,0,0,4,4,4,2,3,6,4,2,2,4,2,4,3,3,3,3,2,5,4,3,2,4,6,5,2,2,2,1,5,5,4,3,3,3,2,3,4,4,3,4,3,4,6,3,5,2,2,4,1,1,2,3,4,5,4,2,4,2,4,2,4,4,1,2,1,3,2,2,2,3,1,3,3,3,3,1,4,3,2,4,1,3,2,16,35,43,18,22,28,51,26,172,42
0,1,1,0,0,0,0,1,0,0,2,6,6,6,6,5,6,3,5,3,3,5,5,2,3,3,3,3,6,3,2,6,3,3,3,3,3,3,4,5,5,3,6,3,3,3,3,6,2,5,3,1,4,5,3,3,3,3,3,3,2,2,2,6,2,2,4,5,3,3,6,6,4,2,2,2,4,4,3,4,3,4,5,3,1,4,2,4,2,2,4,3,3,28,28,65,21,34,40,42,35,223,48
0,1,1,0,0,0,0,1,0,0,5,6,6,4,2,5,3,2,5,1,1,6,2,2,5,4,1,2,5,5,1,5,5,2,3,3,2,1,5,6,1,1,5,6,1,1,6,3,4,4,2,1,3,1,1,5,1,1,1,1,1,1,6,2,2,1,6,1,1,1,4,6,2,1,2,1,5,5,2,1,4,6,1,1,1,1,4,1,1,5,1,5,1,9,27,38,8,32,25,48,29,159,25
0,0,1,0,0,0,0,1,0,0,4,4,3,3,4,5,3,5,4,4,4,3,5,5,5,3,4,4,5,4,2,5,5,4,4,4,4,3,4,4,3,3,5,6,1,3,4,3,3,5,2,3,4,5,4,4,5,4,1,3,3,3,4,5,3,3,4,5,3,3,5,4,2,3,2,4,3,3,3,3,3,3,3,3,3,2,4,2,3,4,3,3,3,20,41,56,26,31,34,44,33,221,55
0,1,1,0,0,0,0,1,0,0,4,3,4,4,5,5,3,3,4,4,5,3,4,3,5,1,4,4,4,4,3,4,4,4,4,3,3,4,3,4,5,3,4,3,4,4,3,4,4,3,4,2,4,6,4,3,1,4,4,4,3,4,3,4,3,4,4,1,3,3,2,3,3,3,2,4,3,3,4,4,3,3,4,3,4,4,2,5,5,2,5,3,4,34,37,47,24,27,45,40,37,217,53
0,1,1,0,0,0,0,1,0,0,5,4,5,3,5,3,2,3,3,2,5,5,5,3,5,2,4,3,4,5,1,3,5,5,3,5,3,2,2,4,5,2,3,2,4,5,5,6,5,2,3,4,3,4,6,2,4,3,1,3,4,2,3,4,5,2,3,2,5,1,4,4,2,3,4,2,4,2,5,2,4,4,4,4,3,2,1,5,5,4,4,2,5,32,48,48,30,24,27,39,38,215,53
0,1,1,0,0,0,0,1,0,0,2,2,4,2,4,5,1,3,4,1,5,5,3,2,4,1,5,2,2,2,1,4,6,6,1,1,2,1,5,5,6,2,3,2,1,4,5,4,2,3,1,2,1,1,2,1,2,1,1,1,3,1,5,2,2,1,1,1,1,1,1,5,1,2,2,2,5,1,2,2,6,6,2,6,2,1,2,5,5,5,3,4,4,25,22,27,24,24,14,41,36,147,26
0,1,1,0,0,0,0,1,0,0,4,5,6,2,5,5,2,2,5,1,5,6,2,4,5,4,4,4,4,4,1,5,6,6,4,4,4,1,6,5,4,4,5,3,1,4,6,4,2,5,1,4,6,3,4,2,3,4,1,6,2,1,6,3,3,1,3,3,2,1,2,6,1,2,2,1,3,1,1,1,1,3,1,4,1,3,3,4,4,4,4,4,2,24,35,45,27,35,18,58,19,179,50
0,1,1,0,0,0,0,1,0,0,3,2,5,4,4,5,1,6,5,2,4,4,3,2,4,2,4,3,1,1,2,4,4,3,1,2,3,1,4,5,4,2,4,3,1,4,4,2,2,3,2,2,3,3,1,1,1,3,4,1,1,2,5,3,2,1,3,1,1,1,1,5,3,2,2,3,4,4,3,3,4,4,2,4,2,2,2,4,5,4,3,2,4,28,23,26,21,28,26,42,35,159,31
0,1,1,0,0,0,0,1,0,0,5,2,4,4,5,2,2,5,4,1,5,5,5,4,4,5,4,2,2,4,2,4,4,4,2,4,4,1,4,3,1,3,4,3,5,4,5,3,4,4,4,4,4,3,4,4,3,3,1,3,4,4,4,3,4,5,4,3,4,1,3,5,3,4,5,2,5,3,3,2,3,4,3,3,2,4,4,4,4,4,2,4,1,21,45,35,29,28,40,42,35,212,54
0,1,1,0,1,0,0,0,0,0,2,3,2,4,4,4,4,4,4,4,3,3,4,4,4,5,5,5,1,3,3,3,2,2,4,4,5,2,2,6,1,1,1,3,3,4,4,5,2,1,2,2,1,3,1,3,3,3,3,3,4,4,4,4,4,3,3,3,3,4,4,6,5,1,3,4,2,5,5,3,6,4,3,4,1,4,4,5,5,4,4,4,2,26,32,42,22,20,45,37,40,201,44
0,1,1,0,0,0,0,1,0,0,3,2,3,4,4,4,3,2,5,1,3,4,4,3,4,3,4,3,4,4,2,4,4,3,3,3,3,2,4,4,4,4,4,4,3,4,4,3,4,4,3,3,3,3,4,3,3,3,2,2,3,3,4,3,3,3,4,3,3,2,3,4,3,3,3,3,4,4,3,3,4,4,3,3,3,1,4,4,2,4,4,4,2,19,36,41,24,27,34,40,37,199,48
0,1,1,0,0,0,0,1,0,0,6,5,5,3,4,5,2,2,4,1,4,6,6,4,5,3,6,4,6,6,4,6,5,6,5,5,5,1,6,5,6,2,5,5,5,5,5,4,2,3,3,4,5,4,5,3,1,5,1,6,6,4,6,5,5,2,4,5,5,2,5,5,2,2,2,1,3,1,1,2,2,2,1,3,2,1,2,4,5,2,5,5,5,29,48,64,26,33,34,57,20,225,61
0,1,1,0,0,0,0,1,0,0,4,5,2,5,5,5,1,4,3,2,5,5,2,3,4,5,5,4,5,4,2,3,4,4,5,3,3,2,4,3,2,4,4,2,4,4,3,4,4,3,5,2,3,4,4,5,4,3,2,2,4,5,4,4,4,5,3,2,4,3,4,4,3,4,2,2,3,3,3,4,4,4,3,4,3,4,2,5,5,3,5,4,5,33,42,42,29,22,48,42,35,218,54
0,1,1,0,0,0,0,1,0,0,3,4,5,1,4,6,2,4,4,1,4,5,4,2,4,2,3,1,4,2,1,3,6,1,1,1,2,1,6,5,4,2,3,5,1,2,4,3,2,1,1,1,2,1,1,1,1,1,1,2,2,1,5,2,2,1,5,2,2,1,3,5,1,2,1,2,6,6,1,3,5,6,2,2,2,1,5,2,1,5,2,2,1,13,23,37,17,22,14,41,36,149,24
0,1,1,0,0,0,0,1,0,0,6,4,6,3,5,4,4,4,6,6,5,4,6,3,6,2,4,4,3,4,2,6,4,4,4,5,5,2,2,3,4,4,5,2,2,4,4,4,6,5,2,2,3,3,4,2,2,3,2,2,6,2,2,3,5,1,4,2,3,2,3,4,3,4,3,3,3,3,5,3,4,4,5,3,3,3,1,4,5,2,4,1,5,35,50,44,26,39,31,38,39,229,49
0,1,1,0,0,0,0,1,0,0,4,3,5,6,5,5,1,4,4,5,5,5,3,3,4,4,5,4,2,4,5,5,4,4,4,4,4,4,4,3,3,3,5,3,4,5,4,3,4,4,6,4,4,3,5,5,4,3,3,3,4,6,4,3,3,5,4,3,4,3,3,4,3,4,2,2,3,3,3,3,3,4,3,3,3,4,1,4,4,2,4,3,4,32,42,37,32,31,59,45,32,233,60
0,0,1,0,0,0,0,1,0,0,5,5,5,3,4,5,4,1,3,1,3,5,4,2,3,3,3,4,4,4,4,4,5,4,2,3,4,1,5,5,3,5,4,4,1,2,5,4,3,2,1,2,4,4,4,3,2,4,1,1,3,1,4,4,4,2,2,3,4,1,3,5,2,2,2,2,3,3,2,2,3,3,3,5,2,2,3,4,4,4,2,2,2,23,38,45,18,25,24,47,30,180,42
0,1,1,0,0,0,0,1,0,0,4,3,4,3,6,4,2,2,3,2,4,4,3,3,3,3,4,4,3,3,2,4,5,4,1,4,2,1,4,4,4,2,4,2,1,4,6,4,4,3,2,4,4,2,4,3,3,4,1,2,3,3,4,2,4,1,4,1,3,1,2,4,2,3,3,3,3,3,3,1,3,3,3,3,3,2,4,4,3,4,5,4,3,23,36,31,28,23,25,46,31,174,38
0,1,1,0,0,0,0,1,0,0,5,6,3,4,2,6,2,1,3,1,5,5,6,1,4,1,4,4,2,1,1,3,4,6,1,1,1,1,6,4,2,1,1,1,1,5,4,2,3,2,1,1,6,1,1,1,1,5,1,1,1,1,5,1,1,1,6,1,1,1,1,6,3,3,1,2,3,1,1,3,1,2,2,1,1,1,4,4,1,5,1,4,1,13,17,27,21,17,18,59,18,118,19
0,1,1,0,0,0,0,1,0,0,6,6,6,4,5,5,2,6,6,1,6,5,5,2,6,3,2,5,5,5,4,6,5,5,5,4,5,1,5,5,4,5,6,5,5,5,5,5,4,6,4,2,6,5,4,5,4,5,1,1,6,5,5,5,6,1,5,1,6,1,1,6,2,2,2,2,2,2,2,2,1,2,2,2,1,4,4,4,4,5,3,5,2,21,54,50,26,41,37,57,20,228,54
0,1,1,0,0,0,0,1,0,0,6,4,5,1,3,6,3,2,4,1,4,6,5,3,4,4,5,4,5,4,1,4,6,4,1,3,4,1,5,6,4,3,4,5,3,4,5,3,3,5,1,1,5,2,3,4,4,2,2,1,3,2,4,4,3,1,5,4,3,1,6,3,1,1,1,1,3,3,2,2,2,5,3,2,4,1,5,3,3,5,3,5,3,16,36,47,22,30,23,49,28,186,37
0,1,1,0,0,0,0,1,0,0,5,6,5,5,5,6,2,2,6,1,6,2,5,4,2,1,5,5,5,5,5,5,6,2,2,5,2,2,2,2,6,5,2,5,5,5,2,6,5,2,1,5,2,6,5,1,5,2,5,5,5,1,2,5,6,1,2,2,5,5,2,2,1,5,1,5,2,5,5,5,5,5,5,5,5,5,4,4,5,1,4,4,5,32,52,57,36,24,34,29,48,251,55
0,1,1,0,0,0,0,1,0,0,5,1,2,1,5,6,1,1,2,1,1,6,1,1,1,1,1,5,1,1,1,1,6,4,1,1,1,1,6,5,1,1,1,1,1,1,5,1,5,1,1,1,5,1,1,1,1,5,1,1,1,1,6,1,1,1,5,1,1,1,1,6,1,2,1,1,2,3,1,2,2,2,1,2,1,1,5,4,1,5,2,5,2,13,19,13,12,9,13,59,18,84,15
0,1,1,0,0,0,0,1,0,0,2,2,2,3,4,4,1,1,4,2,4,5,4,2,3,4,4,4,2,3,5,5,4,4,2,3,4,1,6,5,2,2,5,2,2,4,5,4,3,3,4,2,5,2,4,3,2,3,1,2,4,4,6,3,2,5,4,2,4,1,2,6,3,2,3,2,3,3,1,2,2,4,1,3,1,2,2,4,4,4,4,2,4,28,30,30,22,26,38,52,25,171,45
0,0,1,0,0,0,0,1,0,0,2,2,3,4,4,5,1,1,2,1,4,4,2,1,2,5,4,2,1,2,3,2,4,5,4,2,2,1,5,4,2,1,3,1,5,4,4,2,1,1,4,1,5,2,5,1,2,2,1,1,3,3,5,1,1,3,5,1,2,1,1,5,3,3,2,3,5,2,2,3,2,5,2,2,2,1,4,3,3,4,3,4,2,18,21,21,22,15,35,47,30,144,36
0,0,0,0,0,0,0,1,0,0,1,3,1,1,1,6,1,1,1,1,1,1,1,1,1,5,2,1,1,1,1,1,4,5,1,1,1,1,1,6,1,1,1,1,6,1,6,3,1,1,1,1,1,1,1,2,1,6,1,1,1,1,1,1,1,1,1,1,1,1,1,6,3,1,1,6,6,2,6,1,6,1,6,6,1,3,4,4,2,5,2,5,1,16,11,17,8,7,25,35,42,110,20
0,0,1,0,0,0,0,1,0,0,5,1,1,2,5,5,1,3,2,1,2,6,5,2,2,1,1,5,5,5,1,5,3,5,1,1,1,1,1,5,4,2,5,1,1,1,5,5,2,3,2,2,5,5,2,3,1,5,1,3,2,2,5,3,2,2,2,1,5,1,1,6,4,2,2,1,2,2,6,2,2,2,2,5,1,3,2,4,4,4,4,4,4,27,31,36,14,19,22,50,27,149,40
0,1,1,0,0,0,0,1,0,0,3,2,4,1,3,5,2,1,3,1,2,5,2,3,2,3,2,3,2,3,2,2,5,4,1,4,3,1,4,5,1,2,2,1,1,2,5,4,5,2,2,2,3,2,3,2,2,4,1,5,4,2,5,2,2,2,5,1,4,1,1,5,2,2,2,2,4,3,3,2,4,3,2,2,2,2,4,4,3,5,2,5,2,17,34,26,15,18,21,48,29,143,37
0,1,1,0,0,0,0,1,0,0,2,3,3,3,3,4,3,2,3,1,2,5,2,2,3,3,2,3,3,3,2,4,4,4,3,2,2,2,3,4,3,2,4,3,2,2,5,3,3,3,3,2,3,3,3,3,2,4,1,2,2,3,4,4,2,2,5,2,2,2,3,5,3,3,3,2,4,3,4,2,4,3,3,2,2,3,5,2, ,4,3,5,2, ,25,37,16,22,30,45,32,162,38
0,1,1,0,0,0,0,1,0,0,3,4,6,6,4,4,3,3,3,1,4,4,4,3,2,1,2,4,4,1,2,2,2,4,2,4,1,1,4,5,3,1,1,2,1,2,3,2,4,1,4,1,5,2,1,3,1,4,1,1,1,6,4,2,1,5,4,1,1,1,1,4,5,2,3,3,3,3,3,4,2,3,3,3,3,4,4,4,2,4,4,3,4,25,23,31,16,16,37,44,33,156,29
0,0,1,0,0,0,0,1,0,0,2,3,3,4,5,5,3,2,4,5,5,4,3,2,3,3,4,3,3,2,3,4,4,5,2,4,3,4,4,4,2,3,4,2,4,4,4,2,3,3,3,3,4,2,3,2,4,4,4,3,2,3,4,4,3,4,4,3,3,4,3,4,3,3,2,3,4,2,3,3,3,3,3,3,3,4,4,4,3,3,2,5,3,22,29,35,28,24,46,45,32,194,45
0,1,1,0,0,0,0,1,0,0,2,3,5,2,4,4,2,2,5,3,5,4,5,4,3,2,2,2,5,4,2,5,4,5,5,5,2,2,5,5,6,2,4,3,2,2,5,3,4,5,2,3,4,3,4,2,2,4,2,2,4,3,4,5,3,2,2,2,2,2,2,4,3,2,3,3,5,2,2,2,3,3,3,5,3,2,4,5,5,2,5,2,4,31,36,46,20,29,29,43,34,194,41
0,1,1,0,0,0,0,1,0,0,5,2,4,3,4,6,2,2,4,1,1,6,3,1,3,1,1,3,4,2,1,2,6,5,3,1,2,1,6,6,4,2,2,1,3,3,5,3,4,2,1,1,5,3,2,1,1,3,1,1,1,1,5,2,1,1,6,2,1,1,2,6,1,1,1,1,4,2,1,2,2,4,2,1,1,1,4,4,2,4,4,4,3,20,22,32,12,19,17,56,21,123,26
0,1,1,0,0,0,0,1,0,0,2,1,1,4,4,6,1,1,1,1,2,6,4,1,4,2,4,6,1,2,6,4,6,6,1,4,1,1,6,5,6,2,2,3,1,4,6,6,4,1,2,2,6,2,2,1,1,6,1,1,1,2,6,1,2,1,6,1,1,1,2,6,1,2,1,1,1,1,1,1,1,1,1,1,1,1,2,5,4,4,3,5,5,25,22,30,19,14,24,66,11,120,24
0,1,1,0,0,0,0,1,0,0,3,6,5,5,5,6,1,4,5,4,5,4,4,4,5,2,4,3,5,5,5,4,4,5,3,2,2,1,3,3,5,4,4,2,2,3,5,2,2,3,5,2,2,2,5,3,2,5,1,4,3,5,4,5,4,1,3,1,4,2,2,2,3,4,1,3,4,2,4,2,5,2,3,4,5,4,4,5,5,4,4,2,5,31,40,42,25,28,39,42,35,209,48
0,1,1,0,0,0,0,1,0,0,4,6,6,2,4,4,2,2,6,1,4,5,2,2,6,1,4,2,3,3,1,6,6,6,5,6,5,1,4,4,4,4,6,4,1,5,1,5,3,5,1,2,5,3,5,1,1,3,1,1,4,1,4,6,4,1,4,2,4,1,5,3,1,3,3,2,5,1,3,6,2,4,3,3,4,5,1,5,5,2,4,1,5,38,41,48,23,40,14,41,36,202,49
0,1,1,0,0,0,0,1,0,0,6,3,3,4,1,5,1,1,1,1,1,4,3,1,1,6,1,6,1,1,1,3,5,5,1,1,1,1,1,5,3,1,4,4,1,1,5,3,3,1,3,1,5,3,4,6,1,4,2,1,3,1,5,1,5,2,3,1,4,1,1,5,2,2,2,3,1,2,6,2,2,3,2,4,2,4,1,5,4,3,4,4,4,31,30,26,8,14,31,48,29,138,34
0,1,1,0,0,0,0,1,0,0,2,2,4,4,2,4,1,1,4,1,3,5,2,1,3,3,2,4,2,2,2,4,5,4,1,2,2,1,5,5,3,2,3,2,1,1,6,3,2,3,2,2,4,2,2,4,1,4,1,2,1,2,5,2,1,1,6,1,1,1,1,6,2,2,3,2,3,3,2,1,3,3,2,1,1,1,2,4,4,4,4,4,1,22,17,24,13,23,25,53,24,126,25
0,0,1,0,0,0,0,1,0,0,4,4,4,3,3,5,2,2,4,1,2,5,4,2,3,4,3,4,4,4,1,4,4,4,3,4,4,1,3,4,4,3,4,1,5,3,5,4,4,4,2,2,4,3,4,3,3,4,2,4,3,2,5,4,3,3,4,2,4,1,2,4,3,3,2,2,3,3,4,2,3,3,2,3,3,1,5,2,2,5,2,5,2,12,37,41,19,27,31,47,30,185,47
0,1,1,0,0,0,0,1,0,0,5,4,4,3,4,3,3,2,4,2,3,4,5,4,4,4,3,4,5,4,4,4,4,4,2,4,4,3,3,3,4,3,4,4,4,4,4,4,4,4,3,3,3,3,3,3,3,3,2,4,4,3,3,3,3,3,4,3,3,2,4,4,3,4,4,3,3,3,4,3,4,4,4,3,3,1,4,4,4,1,3,2,4,27,39,48,24,28,39,39,38,216,50
0,1,1,0,0,0,0,1,0,0,3,4,4,1,2,5,3,2,5,1,1,6,4,2,5,2,1,1,2,3,1,5,6,5,1,1,4,1,6,5,1,1,1,3,1,1,5,1,1,1,1,1,5,2,2,1,1,1,1,1,1,1,4,1,1,1,1,1,1,1,1,5,1,2,2,1,6,2,1,2,2,6,3,6,2,1,4,4,1,5,1,4,1,13,18,25,9,25,14,44,33,124,21
0,1,1,0,0,0,0,1,0,0,5,4,3,4,4,5,1,1,4,2,4,5,5,1,5,1,4,6,4,2,1,4,5,5,3,2,1,1,4,5,3,1,3,2,1,4,5,4,2,2,2,1,5,3,1,4,1,5,1,1,1,2,6,5,2,1,4,2,2,1,5,4,2,2,2,2,1,2,3,2,2,2,1,3,3,4,1,5,3,3,5,4,2,29,20,42,20,22,23,54,23,150,29
0,1,1,0,0,0,0,1,0,0,4,2,5,4,2,5,3,2,5,1,6,4,6,3,4,2,2,4,3,4,3,4,6,6,5,3,2,1,3,4,4,5,3,2,2,3,3,5,4,2,3,3,2,3,2,1,2,4,2,4,3,4,2,5,3,5,2,1,3,2,4,2,1,3,2,3,3,1,4,4,5,3,5,5,5,3,4,4,2,1,5,3,1,25,36,47,21,25,31,37,40,200,49
0,1,1,0,0,0,0,1,0,0,3,2,1,1,4,6,1,1,2,2,5,5,2,1,1,2,3,5,2,1,2,2,5,6,1,2,2,2,6,3,3,3,1,1,2,3,5,4,2,2,3,1,6,1,3,3,4,5,1,2,1,3,4,3,1,1,6,1,1,1,1,5,2,4,1,2,2,1,1,2,1,2,3,1,2,2,4,4,2,4,3,2,1,20,19,24,24,11,25,59,18,121,25
0,1,1,0,0,0,0,1,0,0,4,4,4,1,6,5,1,1,5,1,3,4,2,1,4,2,3,4,3,3,1,6,6,5,2,2,3,1,3,1,2,1,5,1,1,6,4,5,1,5,1,2,4,4,4,2,1,4,1,3,1,1,6,4,1,1,4,1,1,1,1,5,1,6,2,3,3,2,4,3,3,3,1,3,2,2,3,3,4,2,3,3,2,24,20,33,27,32,15,48,29,156,39
0,1,1,0,0,0,0,1,0,0,3,1,1,2,2,5,1,2,1,4,2,5,2,2,4,1,2,5,1,1,3,2,5,5,1,3,1,1,5,5,1,3,1,1,1,2,5,3,2,1,2,1,5,2,1,1,1,5,2,2,2,4,5,1,1,1,5,1,2,2,1,5,2,2,2,2,2,2,2,2,2,2,2,2,2,3,3,4,3,3,4,4,4,26,22,18,12,11,26,55,22,111,24
0,1,1,0,0,0,0,1,0,0,4,3,4,4,4,6,2,3,4,4,4,4,4,3,4,3,4,4,4,4,3,4,4,5,4,4,4,3,4,4,4,4,4,3,4,4,4,4,3,4,3,3,4,4,3,4,3,4,4,4,3,3,4,4,3,3,4,3,3,3,4,4,3,3,1,3,3,2,3,3,3,3,3,3,3,4,4,4,5,4,2,4,4,25,37,47,25,28,44,47,30,211,52
0,1,1,0,0,0,0,1,0,0,5,5,5,4,4,5,3,3,4,3,4,5,4,3,4,2,3,5,4,5,2,4,5,5,2,4,3,1,6,6,4,3,4,3,2,4,5,5,4,3,2,2,4,4,3,3,1,3,1,3,4,3,4,4,3,1,4,3,4,2,4,4,2,1,2,2,2,2,1,2,3,4,3,3,3,1,4,4,4,4,4,5,2,20,41,48,19,27,28,50,27,190,42
0,1,1,0,0,0,0,1,0,0,4,6,6,6,6,2,6,1,6,4,4,4,4,2,6,5,2,5,6,5,1,6,3,4,6,4,4,2,5,5,2,4,5,4,2,4,6,6,5,5,4,1,5,5,6,2,1,4,1,5,5,4,4,6,3,3,4,4,3,1,5,5,4,2,5,3,2,3,2,1,2,3,3,3,2,1,5,3,5,3,5,3,5,26,42,65,20,38,39,48,29,233,58
0,0,1,0,0,0,0,1,0,0,5,1,2,1,1,6,1,5,1,1,1,6,4,6,1,1,1,6,1,5,1,1,6,6,1,6,3,1,6,6,3,1,1,1,1,1,6,1,1,1,1,1,6,1,5,1,1,1,1,1,1,1,6,1,1,1,6,1,1,1,1,6,1,1,1,1,1,1,1,1,1,6,1,1,1,2,5,1,5,1,1,5,1,17,37,18,7,10,13,61,16,101,26
0,1,1,0,0,0,0,1,0,0,6,6,6,6,6,4,4,3,5,6,6,3,4,5,5,5,5,3,4,5,2,5,3,3,5,5,5,4,3,2,6,5,4,3,3,6,3,5,5,5,6,6,3,5,6,5,6,3,4,4,5,2,2,6,5,4,3,3,4,3,5,2,4,5,3,4,4,4,4,4,4,4,5,4,5,2,3,4,5,2,2,3,5,28,54,60,40,35,54,32,45,288,72
0,0,1,0,0,0,0,1,0,0,5,1,3,4,6,5,1,3,2,3,6,5,3,4,5,2,5,2,1,6,3,2,4,1,1,4,2,2,2,1,1,2,2,1,2,6,2,1,3,1,2,6,2,1,5,2,6,2,4,1,4,5,2,2,4,2,3,1,5,1,1,2,3,6,2,2,5,6,5,5,5,5,5,4,5,2,4,3,2,4,2,4,2,17,45,16,41,17,35,28,49,203,45
0,0,1,0,0,0,0,0,1,0,4,3,3,3,4,5,3,1,3,4,4,5,4,2,4,4,4,3,3,3,2,4,4,5,2,2,3,4,6,5,5,2,3,3,4,4,5,5,4,3,3,2,2,2,2,4,3,4,2,2,1,3,4,4,2,3,3,2,1,3,4,5,3,2,2,2,4,2,1,2,5,3,3,4,2,4,5,4,4,4,4,5,3,23,24,42,23,23,42,47,30,184,34
0,1,1,0,1,0,0,0,0,0,6,6,5,5,5,4,2,1,4,1,4,5,5,2,4,3,2,1,1,4,1,4,4,1,1,1,2,1,6,6,4,4,4,5,1,3,5,1,3,3,1,1,2,1,1,3,1,1,1,1,1,4,4,2,1,1,5,1,1,1,4,6,3,1,3,2,6,6,1,2,5,6,3,2,1,4,4,4,1,3,4,2,1,23,25,34,17,26,26,40,37,165,25
0,1,1,0,0,0,0,1,0,0,2,1,5,4,5,5,1,1,3,1,5,4,6,3,4,3,5,4,5,4,2,3,3,4,4,2,3,3,3,2,5,3,4,1,1,4,4,5,3,3,3,3,4,5,3,4,4,3,1,2,2,3,3,3,4,3,3,1,3,1,1,3,4,5,2,3,3,3,4,3,3,4,4,4,4,4,1,5,4,1,5,2,5,37,30,40,31,25,33,40,37,196,48
0,1,1,0,0,0,0,1,0,0,4,5,4,4,4,3,3,3,4,3,4,4,4,3,4,2,4,4,4,4,3,4,4,4,3,3,4,4,3,3,5,3,4,3,5,4,3,5,3,3,4,3,4,5,4,5,4,4,5,3,4,3,4,4,4,4,3,4,4,4,4,4,3,4,4,3,3,3,4,4,3,3,3,4,3,4,4,4,4,4,4,4,4,26,39,52,27,27,49,40,37,231,56
0,1,1,0,0,0,0,1,0,0,6,2,4,3,3,5,1,4,4,1,1,6,3,4,4,6,2,2,3,4,3,4,5,5,1,2,2,1,6,6,3,2,4,2,5,3,6,3,4,4,2,1,6,3,4,5,2,4,1,3,3,3,5,2,3,3,4,3,4,1,4,6,2,1,2,1,5,2,1,1,1,3,2,3,1,2,5,3,1,4,1,5,2,13,40,33,13,26,36,55,22,170,40
0,0,1,0,1,0,0,0,0,0,6,6,4,4,6,6,5,5,4,3,3,6,4,4,4,3,4,5,5,5,3,3,5,4,4,2,4,3,6,4,4,6,3,5,2,3,5,4,5,3,3,5,5,5,5,2,2,3,2,5,5,2,5,5,5,3,5,4,5,2,6,6,2,3,1,1,2,3,1,2,2,4,2,2,1,3,3,3,3,4,4,4,3,23,53,62,26,25,34,56,21,221,60
0,1,1,0,0,0,0,1,0,0,6,4,4,1,3,6,3,4,4,1,3,4,6,5,6,1,5,4,5,5,5,5,6,4,4,6,4,1,1,6,4,4,6,6,1,6,6,6,4,6,1,4,4,4,5,1,1,1,1,3,6,1,6,6,6,1,4,4,6,1,6,3,1,1,1,3,3,3,6,1,3,6,1,3,4,3,2,3,3,4,2,4,3,22,57,61,23,35,17,43,34,227,63
0,1,1,0,0,0,0,1,0,0,4,4,4,4,5,5,2,4,5,2,4,5,4,3,2,3,2,5,5,5,2,5,5,4,4,2,4,2,4,3,5,3,5,3,2,4,5,5,3,5,4,2,4,3,4,5,2,4,2,3,2,2,4,5,4,4,4,2,2,2,2,6,2,4,2,2,2,3,3,2,3,3,3,3,1,4,2,4,4,2,3,4,4,29,36,47,23,30,36,50,27,199,50
0,1,1,0,0,0,0,1,0,0,4,5,4,3,4,4,3,2,4,3,4,4,4,3,4,3,3,4,4,3,3,4,4,5,4,3,4,3,5,5,1,2,4,4,3,4,4,4,4,4,3,3,4,4,4,3,4,4,2,3,4,3,4,4,3,3,4,3,3,2,6,5,3,2,3,3,3,2,2,3,3,3,3,3,2,3,4,4,3,3,3,3,3,24,35,49,24,28,37,47,30,203,49
0,1,2,0,0,0,0,0,0,1,5,4,4,5,4,5,1,3,4,1,3,5,3,2,2,2,5,5,5,4,4,2,6,6,5,4,3,1,5,5,5,2,3,1,1,2,5,6,5,4,1,4,5,5,5,1,4,5,1,3,4,2,5,3,4,1,5,1,2,1,1,6,1,2,2,2,2,1,2,2,2,2,2,2,1,5,1,4,4,3,1,3,1,26,40,43,24,22,22,57,20,171,41
0,1,1,0,0,0,0,1,0,0,6,6,6,2,4,5,1,3,5,1,5,4,5,6,5,2,4,3,6,4,3,6,5,5,2,6,6,1,2,1,2,4,5,3,4,4,3,1,4,5,2,1,2,4,4,1,2,1,1,1,3,2,3,4,3,2,2,3,5,1,2,5,2,6,2,3,4,2,5,4,5,6,4,5,2,1,4,3,4,5,2,3,2,18,48,40,26,38,24,35,42,218,54
0,1,1,0,0,0,0,1,1,0,5,5,5,3,5,4,5,2,4,2,4,5,5,3,2,2,2,4,5,4,2,3,4,4,4,5,3,2,3,4,4,4,4,4,2,4,5,5,3,3,2,3,5,4,3,2,4,4,2,3,3,2,4,4,3,2,4,4,3,2,4,4,3,3,3,2,3,3,4,2,2,3,3,3,3,4,3,4,4,2,5,2,4,32,38,56,25,24,28,46,31,202,50
0,1,1,0,0,0,0,1,0,0,2,3,2,4,3,4,3,2,4,3,3,5,3,3,4,2,4,3,3,3,2,4,5,4,4,1,3,3,4,5,6,2,3,3,3,3,4,4,2,3,3,2,5,3,3,3,2,4,2,3,3,3,4,4,3,2,4,3,3,3,3,6,2,2,3,2,4,3,3,3,2,3,3,3,1,2,4,4,2,4,4,4,1,19,27,45,19,23,35,47,30,179,43
0,1,1,0,0,0,0,1,0,0,4,4,4,2,4,4,1,4,4,1,4,5,4,4,4,2,2,3,3,2,2,4,4,3,2,4,3,1,2,4,3,3,4,4,2,4,2,3,3,3,2,1,2,2,2,1,2,2,1,1,3,2,2,3,2,1,5,4,2,1,2,2,3,3,3,2,4,4,5,5,5,5,5,2,5,1,2,4,4,5,1,2,4,23,33,36,20,26,21,32,45,181,40
0,1,1,0,0,0,0,1,0,0,3,5,6,4,4,6,2,4,5,1,1,6,4,4,4,1,2,2,3,5,1,6,2,5,6,1,6,1,4,4,6,3,6,5,6,2,5,6,4,3,2,2,4,5,5,3,1,1,6,5,3,1,3,6,4,1,1,3,5,1,4,4,5,3,1,1,5,2,3,2,3,6,4,6,3,5,1,5,5,1,3,1,5,38,41,60,15,36,33,41,36,221,58
0,0,1,0,0,0,0,1,0,0,5,6,5,4,4,4,2,1,5,2,3,5,3,4,4,5,3,4,4,4,2,4,5,5,3,5,2,1,5,5,2,5,5,3,3,4,5,4,3,4,2,2,2,5,5,4,2,2,1,3,2,2,4,5,4,2,5,2,2,1,4,5,2,2,3,2,3,2,2,2,5,5,3,2,2,1,5,3,2,5,2,5,1,12,40,46,20,29,31,46,31,197,48
0,1,1,0,0,0,0,1,0,0,3,5,3,6,3,4,2,2,3,1,4,6,4,2,3,3,2,3,4,3,3,3,2,5,2,3,3,2,6,4,3,3,3,2,5,3,4,5,2,3,5,3,3,3,3,3,1,2,1,1,3,4,4,4,4,5,4,1,1,2,3,4,5,3,3,1,4,2,1,3,4,5,3,3,3,2,2,4,4,3,3,3,5,28,29,39,19,21,45,45,32,185,39
0,1,1,0,0,0,0,1,0,0,5,3,3,5,5,5,2,2,2,1,2,6,5,2,4,2,4,5,2,2,4,2,5,5,2,5,2,2,5,5,5,2,4,5,1,2,5,5,2,2,2,2,2,2,2,2,2,4,2,1,2,4,5,2,3,2,2,1,2,1,2,6,2,2,2,1,2,2,2,2,5,3,2,5,1,1,4,4,4,4,4,4,4,23,29,37,19,19,30,50,27,161,30
0,1,1,0,0,0,0,1,0,0,4,3,4,4,5,3,4,3,4,2,4,5,2,3,4,2,4,4,5,5,4,4,5,5,3,5,4,2,3,5,2,3,3,2,1,4,4,2,4,5,3,4,4,4,4,2,4,3,2,2,4,2,4,4,3,2,4,2,2,3,2,4,2,2,4,2,3,2,4,3,3,4,3,3,3,1,4,4,4,2,1,3,2,21,40,37,27,28,31,43,34,197,47
0,1,1,0,0,0,0,1,0,0,2,4,4,1,1,5,3,3,3,3,2,5,3,2,5,3,1,5,3,3,2,2,5,5,2,4,2,2,5,5,3,3,3,4,1,1,5,3,2,2,2,1,5,2,2,2,2,5,2,2,2,2,5,2,2,2,5,3,2,2,4,5,2,2,2,2,2,2,2,2,2,2,2,2,2,1,3,4,3,5,3,3,3,21,27,38,10,21,26,55,22,144,31
0,1,1,0,0,0,0,1,0,0,4,6,6,5,5,5,2,4,5,2,5,5,4,2,6,1,5,2,5,5,2,5,5,5,4,5,5,2,5,4,4,4,6,3,2,5,5,6,4,5,4,3,2,4,5,1,2,4,2,4,4,2,5,5,5,4,3,4,4,4,5,4,2,3,2,2,5,2,2,2,5,3,2,4,3,4,3,5,5,3,5,3,5,33,46,56,28,38,33,45,32,233,60
0,1,1,0,0,0,0,1,0,0,4,4,4,3,6,5,1,3,4,1,6,4,4,2,5,4,6,5,5,4,2,4,5,5,3,5,4,2,4,2,3,3,4,5,2,5,5,5,3,4,3,3,5,3,4,4,4,4,2,2,3,3,4,4,3,2,5,3,3,2,5,5,2,5,2,3,2,2,3,2,2,3,3,2,2,1,3,4,4,4,2,3,4,23,37,47,35,29,32,51,26,206,47
0,1,1,0,0,0,0,1,0,0,4,6,6,2,5,4,2,2,5,1,2,5,4,2,5,5,5,3,3,5,2,5,5,5,6,2,5,1,5,6,5,2,5,4,2,4,5,6,5,5,2,2,5,4,4,2,2,2,1,1,4,2,5,4,3,2,5,3,3,1,5,5,2,1,3,2,4,2,2,2,2,5,2,2,2,2,2,4,4,2,4,5,4,27,36,53,21,36,25,49,28,199,47
0,0,1,0,0,0,0,1,0,0,5,6,6,5,4,5,6,2,4,2,4,4,5,4,5,4,2,2,5,5,4,5,3,5,5,4,5,4,3,4,5,3,4,6,5,3,4,5,3,3,4,2,3,6,3,2,5,4,5,4,3,5,4,6,3,4,4,6,3,5,6,4,4,3,2,3,5,2,4,3,4,3,3,3,3,3,3,3,4,4,3,2,4,26,38,71,23,32,53,42,35,252,60
0,1,1,0,0,0,0,1,0,0,2,3,3,4,4,5,2,3,4,5,4,5,3,2,3,3,2,4,2,2,3,3,6,3,3,3,4,2,2,5,3,3,3,3,4,3,4,3,4,3,3,3,3,3,3,3,3,4,3,3,3,4,4,3,3,3,3,2,3,3,3,3,1,2,2,2,3,4,5,3,4,3,3,4,4,1,3,4,4,5,1,3,2,19,31,36,21,23,41,40,37,189,46
0,1,1,0,0,0,0,1,0,0,6,6,6,3,6,6,1,4,6,1,5,5,2,2,2,2,2,1,2,5,1,5,6,2,1,6,5,1,2,6,2,5,5,1,1,5,5,6,3,5,1,1,2,4,4,4,4,1,1,1,1,1,5,4,1,1,6,2,2,1,1,5,1,1,1,2,6,5,5,2,5,6,2,1,2,1,2,4,4,3,2,2,2,24,39,33,24,34,19,40,37,186,44
0,1,1,0,0,0,0,1,0,0,4,5,5,4,4,5,2,3,5,1,2,5,5,3,4,5,3,5,4,4,2,5,4,6,3,5,5,1,4,5,5,4,5,5,2,2,5,2,4,4,4,2,4,4,4,4,2,4,1,2,4,4,5,5,4,4,5,3,4,1,4,4,3,2,2,2,2,1,3,2,3,3,2,2,3,3,4,4,3,4,4,4,2,22,43,49,17,33,36,52,25,203,52
0,1,1,0,0,0,0,1,0,0,5,2,2,4,5,5,2,2,2,2,4,5,2,3,3,2,5,4,5,5,3,4,5,5,4,2,3,2,5,4,2,4,3,6,5,4,5,5,4,4,2,2,5,2,4,2,3,4,2,3,3,2,5,6,4,3,4,3,3,2,6,5,2,3,2,2,3,2,2,2,2,3,2,3,2,3,1,5,5,4,5,4,5,32,39,48,26,21,33,52,25,192,45
0,1,1,0,0,0,0,1,0,0,5,2,4,2,4,5,1,1,3,1,2,6,5,2,4,1,3,3,2,2,3,3,5,4,4,2,4,2,5,5,4,2,3,3,1,4,5,3,1,3,1,1,5,3,4,1,2,3,1,3,3,3,5,4,2,1,6,2,2,2,2,5,2,2,2,1,4,3,2,2,2,4,2,1,2,1,4,4,4,1,5,3,4,28,26,38,18,24,21,52,25,152,38
0,1,1,0,0,0,0,1,0,0,5,4,5,2,5,5,3,2,5,1,5,6,5,2,5,2,4,5,4,3,2,5,5,5,4,1,3,1,6,5,5,1,5,5,2,4,6,4,3,5,2,1,6,4,2,2,4,5,1,4,2,4,6,4,2,3,5,3,2,1,5,6,2,2,2,1,2,2,1,1,1,2,1,2,1,2,5,5,4,4,4,5,2,21,25,54,25,33,25,61,16,178,41
0,0,1,0,0,0,0,1,0,0,5,2,3,1,4,6,1,1,3,1,4,6,3,1,3,1,4,5,1,1,1,1,5,4,1,1,1,1,6,5,2,1,4,4,1,4,5,1,1,1,1,1,1,1,1,1,3,4,1,1,1,1,6,1,1,1,1,1,1,1,3,6,2,2,1,1,2,3,1,2,6,3,1,6,1,1,5,3,1,5,1,5,1,10,15,22,22,16,14,50,27,116,21
0,1,1,0,0,0,0,1,0,0,4,6,5,2,4,4,2,1,2,2,4,4,5,2,2,4,3,2,3,4,2,4,5,4,2,1,3,2,4,4,6,3,3,2,2,4,5,4,3,3,2,2,4,3,2,3,2,4,1,2,2,2,5,4,2,2,4,2,2,1,2,4,2,3,3,3,5,3,3,2,3,3,2,3,3,4,3,4,4,3,4,2,4,30,26,43,22,22,27,44,33,173,37
0,1,1,0,0,0,0,1,0,0,2,5,2,4,4,4,4,4,4,2,4,4,4,4,4,4,4,4,4,4,4,4,4,4,4,4,4,4,4,4,4,4,4,4,2,4,4,4,4,4,4,4,4,4,4,4,2,2,2,4,4,4,4,2,2,2,4,4,4,4,4,4,3,3,3,3,3,3,3,3,3,5,3,3,3,2,4,4,4,4,4,4,4,24,40,51,25,26,43,42,35,220,57
0,1,1,0,0,0,0,1,0,0,5,6,6,6,6,4,5,5,5,6,6,2,5,3,5,5,4,5,5,6,3,4,4,5,6,6,5,5,1,2,5,3,5,5,6,6,2,5,5,4,4,5,4,5,6,6,5,5,6,5,5,4,2,6,5,4,2,5,4,5,5,2,3,5,3,5,2,2,6,5,3,2,5,5,5,5,1,5,5,1,5,2,5,39,53,68,37,34,63,34,43,298,72
0,1,1,0,0,0,0,1,0,0,2,3,5,5,6,3,3,2,5,2,6,2,5,4,5,2,5,4,4,2,3,4,4,4,4,3,2,2,3,2,3,3,4,3,2,5,4,3,4,4,3,5,4,4,5,3,6,3,3,3,4,3,3,4,4,3,3,3,4,2,4,3,3,5,4,5,3,3,4,3,3,4,4,4,4,3,2,4,5,2,5,2,4,33,37,46,38,29,36,36,41,227,56
0,1,1,0,0,0,0,1,0,0,5,3,5,1,5,5,3,2,5,1,5,5,2,3,6,4,5,4,3,4,1,5,5,5,2,4,3,2,5,3,2,3,4,2,1,3,5,3,2,5,1,3,5,1,4,4,4,4,2,2,3,2,5,2,3,2,5,2,3,2,2,5,2,4,2,2,3,2,2,2,2,3,2,2,2,1,4,2,2,4,2,4,3,16,36,29,29,33,25,53,24,176,38
0,1,1,0,0,0,0,1,0,0,4,3,3,2,4,5,2,3,5,1,2,5,6,2,6,2,1,1,3,3,5,3,5,4,3,2,3,1,6,6,4,2,2,5,4,2,6,6,2,2,2,2,2,4,2,4,1,3,1,3,2,4,5,4,4,2,5,2,2,1,6,6,2,1,2,2,6,3,1,1,5,4,2,2,1,1,4,4,4,4,4,4,4,23,28,51,13,24,31,48,29,176,34
0,0,1,0,0,0,0,1,0,0,2,1,3,4,1,6,1,1,4,1,2,6,6,1,5,1,3,6,5,1,1,4,5,6,5,4,4,1,6,6,4,1,3,5,1,1,6,4,2,2,2,1,6,5,1,1,1,6,1,1,1,2,6,2,1,1,6,1,1,1,1,6,2,1,1,1,1,1,1,1,1,1,1,1,1,1,5,3,3,5,4,5,2,16,16,41,10,25,19,66,11,122,29
0,1,1,0,0,1,0,0,0,0,6,6,6,3,6,6,2,1,6,1,1,6,6,1,6,1,1,1,4,6,1,6,6,6,6,5,1,1,6,6,6,2,6,6,2,5,6,2,6,6,6,2,1,6,6,1,6,2,1,5,6,2,6,6,5,1,6,1,6,1,2,6,1,1,1,1,6,1,1,1,6,5,1,1,1,5,1,5,5,5,5,1,5,36,50,58,22,37,22,52,25,214,55
0,0,1,0,0,0,0,1,0,0,5,2,2,2,2,6,3,3,4,3,3,4,4,3,3,5,3,4,5,4,3,3,5,5,4,5,3,2,5,5,3,4,4,2,2,3,3,2,3,3,4,3,5,3,4,5,2,4,2,3,5,2,4,4,4,2,2,2,4,2,3,3,2,2,1,3,3,2,2,4,2,3,3,5,4,4,5,4,2,3,4,5,1,20,44,40,18,22,36,45,32,192,48
0,0,1,0,0,0,0,1,0,0,5,4,4,4,5,5,3,1,4,1,4,4,3,2,4,3,4,3,3,3,4,4,4,4,3,4,4,1,4,3,3,3,4,3,1,4,3,4,3,4,3,4,3,3,3,3,4,3,1,3,3,3,4,3,3,1,3,3,3,1,1,4,3,4,2,3,4,3,3,4,4,4,3,4,3,1,4,4,2,4,4,4,2,19,33,39,29,28,29,40,37,195,46
0,1,1,0,0,0,0,1,0,0,4,4,4,4,6,4,3,4,3,4,6,3,3,4,5,3,5,3,3,5,4,3,3,3,3,4,3,5,3,5,3,4,4,3,5,6,2,4,3,3,4,3,3,3,6,4,3,4,5,4,4,3,3,4,4,3,3,3,4,5,3,3,4,2,3,4,4,4,4,5,4,3,4,4,4,1,4,4,4,3,3,4,3,22,46,43,31,25,53,34,43,241,58
0,0,1,0,0,0,0,1,0,0,4,2,4,4,5,6,1,1,1,1,2,6,1,2,2,2,2,6,2,2,1,2,5,6,3,2,2,1,1,5,4,1,1,1,1,3,1,2,2,2,1,1,5,3,5,2,2,5,1,1,1,5,5,4,2,1,2,1,2,1,2,6,2,2,1,1,1,1,6,6,2,2,2,5,1,2,4,4,5,4,4,5,1,21,24,27,17,14,23,49,28,133,33
0,1,1,0,0,0,0,1,0,0,4,6,4,4,5,3,5,3,3,4,4,4,5,5,4,3,4,4,5,4,3,4,3,4,5,5,3,4,4,4,5,4,4,4,4,5,4,4,4,4,4,5,4,5,4,4,4,4,5,4,4,3,4,4,4,4,4,4,4,4,5,4,4,3,4,3,3,3,3,3,3,3,3,3,3,4,4,4,2,2,4,2,4,28,45,61,30,26,50,43,34,246,63
0,0,1,0,0,0,0,1,0,0,3,2,4,3,4,5,2,3,2,2,2,5,3,2,2,4,2,5,4,3,4,3,5,5,3,2,3,2,5,4,3,2,4,3,5,3,5,4,3,3,2,3,5,3,4,4,2,4,2,2,3,3,5,4,3,2,5,3,3,1,6,5,2,3,2,2,2,2,2,2,2,3,2,2,2,1,5,3,1,4,1,5,1,11,31,42,19,21,36,54,23,172,41
0,1,1,0,0,0,0,1,0,0,3,5,4,1,5,5,2,2,5,1,4,5,4,2,4,3,2,3,5,4,1,4,5,5,4,4,4,1,5,5,4,2,4,3,1,4,5,4,4,4,2,1,5,2,4,4,1,4,1,2,3,4,5,4,4,1,6,3,3,1,4,5,2,2,2,2,4,2,2,2,2,3,2,1,2,1,5,4,3,5,1,5,1,13,35,46,19,29,23,53,24,176,40
0,1,1,0,0,0,0,1,0,0,5,2,3,2,4,5,3,2,3,2,5,4,4,4,4,3,4,4,3,3,2,4,4,4,2,4,3,3,3,4,3,4,4,4,3,4,4,3,3,3,2,4,4,3,5,3,5,4,3,3,3,3,4,2,4,3,4,2,3,3,3,4,3,3,2,3,3,3,4,3,3,3,3,3,3,2,2,4,5,4,3,3,3,26,40,37,29,24,35,44,33,198,50
0,1,1,0,0,0,0,1,0,0,4,4,4,4,4,5,5,3,4,4,4,4,4,4,4,3,3,3,4,4,3,3,3,3,3,3,3,3,3,4,4,4,4,4,3,3,3,4,3,3,3,4,4,4,4,4,4,4,4,3,3,3,3,3,3,3,3,4,4,3,3,3,4,3,2,3,4,4,4,4,3,3,4,4,4,4,4,4,4,4,4,3,4,27,39,49,25,25,44,38,39,221,54
0,1,1,0,0,0,0,1,0,0,3,2,4,4,4,6,1,3,4,2,3,5,2,3,3,2,4,5,1,2,4,3,5,5,1,2,3,1,5,5,3,2,3,1,5,4,5,2,2,3,4,2,5,2,2,4,3,5,2,2,2,4,5,4,2,4,4,1,2,3,1,5,2,2,1,2,2,2,2,2,2,2,2,3,2,2,4,4,4,4,3,4,2,21,25,23,22,23,41,55,22,156,37
0,1,1,0,0,0,0,1,0,0,5,1,4,3,2,5,2,1,2,1,1,5,2,2,2,2,2,3,2,2,1,2,5,5,2,5,2,1,4,5,1,1,2,1,1,1,5,1,2,1,1,1,5,1,2,1,1,1,1,1,1,1,5,1,2,1,6,1,1,1,2,1,2,2,2,2,4,2,3,2,2,6,2,1,6,2,2, ,2,5,4,2,2, ,24,18,10,15,17,45,32,116,22
0,1,1,0,0,0,0,1,0,0,4,4,2,1,4,6,2,1,4,1,3,5,4,1,4,2,2,4,2,5,1,5,5,6,4,4,2,1,6,4,2,2,4,1,1,3,5,2,4,4,1,1,5,2,1,2,2,1,1,1,4,2,6,5,2,1,4,4,4,1,4,6,2,3,1,2,3,1,1,2,2,6,1,3,1,1,4,2,1,1,2,5,1,15,32,37,18,25,17,54,23,152,32
0,1,1,0,1,0,0,0,0,0,6,6,4,4,3,6,1,1,5,1,1,6,3,6,5,1,2,1,6,6,1,6,5,6,2,4,3,1,6,5,5,2,5,1,1,1,5,1,1,2,1,1,5,1,1,1,1,1,1,1,1,1,5,1,1,1,6,1,1,1,1,6,2,2,1,1,6,1,1,2,2,6,2,1,1,1,5,2,1,4,4,4,2,15,30,30,11,30,17,53,24,142,28
0,1,1,0,0,0,0,1,0,0,6,6,5,1,2,3,1,2,6,1,2,6,5,5,5,4,1,5,6,5,1,5,6,5,4,1,5,1,5,6,5,5,5,1,1,1,6,1,5,5,1,1,5,2,5,5,1,4,1,1,5,1,3,5,5,1,6,1,5,1,5,5,1,1,4,1,2,2,2,1,2,3,4,1,2,1,5,1,1,5,3,5,1,10,49,43,9,36,20,53,24,181,44
0,1,1,0,0,0,0,1,0,0,5,1,4,2,4,6,4,4,5,1,3,6,5,4,4,2,1,4,6,4,1,5,6,4,1,2,3,1,5,5,4,4,2,6,3,4,5,4,4,5,1,1,6,3,4,1,2,2,1,4,3,1,6,6,5,1,5,3,4,1,6,6,1,2,1,1,3,3,2,2,1,5,1,2,1,1,4,1,2,4,4,3,2,17,43,53,17,28,17,55,22,180,41
0,0,1,0,0,0,0,1,0,0,6,4,6,6,3,5,2,2,5,1,3,6,4,5,5,4,2,4,5,5,2,3,3,5,2,2,3,1,3,5,3,2,2,2,4,3,5,3,3,5,5,2,5,2,6,3,2,2,2,3,4,2,6,3,3,3,3,3,3,1,3,5,4,2,2,1,3,2,4,2,2,5,1,4,2,3,3,4,5,4,2,4,4,25,41,39,17,29,38,49,28,192,48
0,1,1,0,0,0,0,1,0,0,1,4,4,5,6,5,3,1,2,2,6,6,5,4,2,1,6,3,6,6,1,3,4,5,4,4,4,1,2,5,3,2,3,4,1,6,5,6,3,3,2,2,5,3,2,2,6,1,1,1,3,3,5,6,2,2,2,2,1,1,3,5,3,2,2,1,4,2,5,2,2,6,2,5,2,2,3,4,5,5,5,4,5,27,29,50,34,21,25,44,33,192,43
0,1,1,0,0,0,0,1,0,0,4,1,2,3,4,6,1,1,4,1,4,5,4,2,2,3,4,2,1,2,2,2,6,6,1,4,2,1,5,5,3,2,2,1,1,3,5,2,1,2,2,4,5,2,2,2,1,4,1,1,1,1,5,3,2,1,5,1,2,1,1,6,1,2,1,2,5,1,2,2,2,3,2,2,1,2,2,4,4,2,2,2,2,26,23,22,22,16,20,54,23,126,29
0,1,1,0,0,0,0,1,0,0,5,4,4,2,2,6,3,5,5,2,4,5,2,2,5,2,2,2,5,4,2,4,5,4,1,2,4,2,5,5,4,3,4,6,2,3,5,3,5,5,2,2,4,4,4,2,2,1,2,4,4,2,4,4,4,2,5,5,5,1,5,6,2,2,1,2,5,3,2,2,3,6,3,2,1,1,5,4,3,5,4,5,4,19,43,50,17,31,25,47,30,196,47
0,1,1,0,0,0,0,1,0,0,4,2,2,5,3,3,2,5,4,2,5,5,3,3,3,2,3,4,3,4,1,3,5,5,2,4,3,1,2,6,2,3,3,4,4,2,4,3,3,3,5,2,3,2,4,2,2,4,1,2,4,3,5,3,5,2,4,1,4,2,3,4,2,1,4,2,3,2,5,3,4,3,2,3,3,1,4,1,4,5,2,5,4,16,43,32,18,21,32,43,34,180,43
0,0,1,0,0,0,0,1,0,0,5,2,5,2,5,5,5,5,5,5,5,5,5,5,5,5,5,5,5,5,5,5,5,5,5,5,5,5,5,5,5,5,5,5,5,5,5,5,5,2,5,2,5,2,5,2,5,5,5,5,2,5,2,5,2,5,5,5,5,5,5,5,2,2,2,2,2,2,2,2,2,2,5,2,2,4,2,4, ,4,4,4,4, ,49,59,29,32,56,52,25,250,66
0,1,1,0,0,0,0,1,0,0,4,6,2,4,6,5,2,2,4,3,6,3,4,2,5,1,6,2,4,2,1,1,3,4,6,3,4,2,2,2,5,3,2,6,4,6,1,4,2,1,4,5,2,6,2,1,6,2,1,4,2,2,3,6,2,3,1,1,1,1,4,2,4,5,2,4,5,3,5,6,5,5,4,6,5,5,1,5,5,1,5,1,5,40,25,58,40,19,31,27,50,223,54
0,1,1,0,0,0,0,1,0,0,6,2,3,2,5,5,2,1,3,1,1,6,2,1,6,5,1,5,2,3,1,3,5,5,2,1,4,1,5,5,2,2,3,3,1,5,5,5,1,1,1,1,6,4,1,4,1,6,1,1,1,1,5,3,1,1,5,1,1,1,1,5,2,2,2,1,2,2,2,2,1,1,2,2,2,3,2,4,3,3,4,3,3,27,19,30,16,23,22,58,19,129,30
0,1,1,0,1,0,0,0,0,0,4,5,2,3,5,5,2,3,3,2,5,4,2,4,3,2,2,4,5,4,5,3,4,5,5,4,4,2,5,4,4,2,2,3,3,3,6,5,2,2,2,2,5,2,3,2,2,5,2,1,2,3,6,4,4,2,3,1,4,2,2,5,3,3,2,3,3,2,2,1,2,2,1,4,2,2,3,4,4,4,4,3,4,26,36,41,22,19,33,53,24,175,39
0,0,1,0,0,0,0,1,0,0,4,6,5,3,5,3,2,2,5,1,5,5,5,3,5,6,3,5,3,4,3,5,3,5,1,4,4,2,5,3,4,3,4,4,4,4,5,2,3,5,3,2,5,2,2,4,4,4,3,3,2,2,5,5,2,3,5,2,3,3,3,5,4,4,4,2,2,2,2,2,2,3,2,2,2,1,4,4,1,4,4,4,1,17,32,42,27,33,41,52,25,200,41
0,1,1,0,0,0,0,1,0,0,5,3,4,2,3,5,1,1,4,1,1,5,2,1,5,2,1,3,2,3,2,5,5,5,2,4,2,1,5,6,4,2,3,2,2,3,4,4,2,4,2,3,4,3,4,2,2,4,1,1,2,2,5,3,4,1,5,2,2,1,4,3,2,1,2,2,4,2,2,3,3,3,2,2,4,3,3,4,5,4,3,3,4,27,30,33,14,27,21,48,29,154,33
0,0,1,0,0,0,0,1,0,0,3,3,3,4,3,5,2,2,2,2,4,5,4,2,3,4,4,3,1,2,5,3,3,5,1,1,2,2,4,4,3,2,2,1,2,2,5,2,2,1,3,2,4,2,2,2,2,5,3,3,2,4,5,1,2,4,3,1,2,2,1,5,4,3,2,2,4,2,3,2,3,2,2,4,2,2,3,4,4,4,3,4,3,23,22,25,20,16,41,49,28,152,33
0,1,1,0,0,0,0,1,0,0,3,6,5,5,5,4,2,2,5,4,6,4,4,4,3,5,5,2,4,4,4,4,3,2,5,5,5,2,2,2,2,5,5,2,4,5,2,4,2,4,3,5,2,5,5,4,5,2,4,5,5,5,3,5,5,4,2,3,5,4,2,2,4,5,3,3,5,5,5,5,5,5,4,5,5,4,2,4,4,4,4,2,4,30,45,49,36,31,52,27,50,263,69
0,1,1,0,0,0,0,1,0,0,4,5,2,2,5,5,1,2,3,2,5,5,2,2,3,2,4,4,2,3,1,4,6,5,3,4,2,2,5,4,5,3,2,3,2,4,5,6,2,2,2,2,4,5,3,1,1,4,2,2,2,2,4,6,2,1,4,1,2,1,2,3,1,3,2,2,3,2,2,2,3,3,3,3,4,4,1,5,5,1,4,2,5,37,29,43,24,18,21,48,29,164,36
0,1,1,0,0,0,0,1,0,0,3,2,4,2,4,5,1,1,4,2,4,5,2,2,3,4,3,4,3,2,2,3,5,5,2,3,2,2,5,5,3,3,3,2,2,4,3,3,2,3,2,2,4,2,3,3,3,4,2,3,3,2,5,3,2,2,3,2,2,1,1,2,2,2,2,2,3,2,2,4,3,3,2,4,5,2,2,4,4,4,5,4,5,28,26,29,22,22,28,45,32,159,36
0,1,1,1,0,0,0,1,0,0,3,2,4,2,4,5,2,2,4,3,4,5,3,3,5,3,4,4,3,2,2,3,5,4,2,2,3,2,5,5,4,2,4,4,2,4,5,4,3,2,2,2,4,3,3,3,3,4,2,3,2,3,5,2,3,2,5,3,2,2,3,5,2,2,2,2,3,3,2,2,3,3,2,2,2,2,1,5,5,2,4,2,5,34,27,38,23,25,30,51,26,169,40
0,1,1,0,0,0,0,1,0,0,2,3,2,3,5,5,2,2,2,3,5,2,2,1,3,3,5,4,4,2,4,3,4,5,4,4,2,3,4,2,4,4,3,3,2,5,4,5,2,3,4,4,4,5,5,3,4,4,2,2,4,5,3,5,6,3,3,1,4,1,2,4,3,5,2,5,3,2,3,3,3,3,4,4,3,4,2,4,4,3,4,5,3,27,36,42,33,18,39,42,35,203,50
0,0,0,0,0,0,0,1,0,0,4,2,5,1,3,5,2,2,4,1,1,5,4,2,4,2,2,5,2,3,2,3,4,5,3,2,2,1,5,5,4,2,4,2,3,2,5,3,3,4,1,2,5,2,2,2,1,1,1,1,2,2,5,3,1,2,5,2,2,1,4,6,3,2,2,2,2,2,2,2,2,6,2,2,1,1,4,2,2,5,2,5,1,12,25,34,13,26,22,52,25,145,31
0,1,1,0,0,0,0,1,0,0,5,2,4,4,4,5,5,2,4,2,4,5,4,2,4,4,1,5,5,5,3,5,5,5,2,5,4,1,5,4,2,2,5,5,5,5,5,4,2,2,1,2,5,3,4,4,6,4,1,4,2,4,5,4,2,1,5,2,2,2,3,6,2,3,2,2,2,2,2,2,2,3,2,2,1,1,5,4,4,5,3,4,2,18,33,45,25,28,34,55,22,187,41
0,1,1,0,0,0,0,1,0,0,6,2,6,4,6,6,1,5,4,1,6,5,2,2,5,1,2,3,4,5,2,4,6,5,6,5,6,1,2,2,1,6,6,2,1,6,5,4,3,3,2,3,3,2,6,3,2,1,1,4,4,1,3,4,5,1,2,2,4,1,6,4,1,5,1,2,4,2,5,2,4,6,4,5,3,4,2,5,5,2,5,1,4,36,51,40,30,34,20,39,38,213,61
0,1,1,0,0,0,0,1,0,0,5,4,4,4,5,4,3,2,4,2,4,5,5,3,5,4,2,4,4,2,2,4,4,5,4,1,3,2,4,5,5,2,4,2,2,2,5,5,5,4,2,2,4,4,2,3,2,4,2,2,4,2,4,4,2,2,5,4,4,2,4,5,3,2,3,2,3,2,3,2,3,3,3,2,2,2,4,4,3,3,4,3,2,23,32,50,19,28,32,49,28,189,43
0,0,1,0,0,0,0,1,0,0,4,2,4,3,2,4,2,1,1,1,2,6,5,2,2,3,1,3,5,2,3,4,4,5,4,1,4,2,5,4,4,2,3,2,2,2,4,3,1,4,4,3,4,5,2,4,2,1,1,4,2,3,5,5,2,2,4,2,2,2,5,3,3,3,3,1,4,2,2,3,3,6,2,3,4,3,5,3,3,4,4,4,3,21,21,48,15,22,33,44,33,172,43
0,1,1,0,0,0,0,1,0,0,3,4,5,4,4,4,4,3,4,2,4,4,5,3,4,6,4,4,4,4,1,4,5,4,2,3,3,2,3,4,4,3,4,2,4,4,3,6,2,4,4,2,3,2,3,6,3,2,2,3,2,3,3,5,5,4,2,4,3,4,5,2,2,3,3,3,3,3,4,4,4,5,4,5,5,3,2,3,5,1,4,4,5,31,34,50,24,28,44,34,43,223,48
0,1,1,0,0,0,0,1,0,0,3,2,5,2,6,4,1,1,5,1,4,5,4,3,5,3,5,5,3,4,2,4,4,3,3,2,3,1,5,5,4,3,4,2,3,4,3,4,4,4,4,5,4,4,4,4,6,3,2,2,4,2,4,3,3,3,3,2,3,3,3,5,3,2,3,2,2,4,2,4,3,4,3,4,2,4,4,1,1,1,2,4,3,20,34,37,32,30,33,44,33,199,49
0,1,1,0,0,0,0,1,0,0,5,4,4,4,5,5,5,3,4,3,3,3,5,5,5,5,5,4,4,4,4,4,4,5,5,5,4,3,3,4,4,4,4,3,3,3,4,4,5,5,4,4,3,3,4,3,2,3,4,3,2,6,6,6,5,5,4,4,3,3,4,3,3,3,2,4,3,2,4,3,4,4,1,3,4,3,2,4,3,2,5,2,4,31,45,54,25,30,50,43,34,238,59
0,1,1,0,0,0,0,1,0,0,6,6,6,5,5,5,4,4,5,4,4,4,5,5,5,4,2,4,4,5,3,5,4,4,4,4,5,5,4,3,4,4,6,4,5,4,4,5,5,5,5,3,4,4,5,4,4,4,4,4,4,4,4,5,5,4,4,4,5,4,5,4,3,4,2,3,3,3,3,3,3,3,3,3,3,3,3,4,4,4,3,5,3,23,52,58,26,37,54,45,32,259,65
0,1,1,0,0,0,0,1,0,0,5,6,6,4,6,3,6,1,5,5,6,4,5,3,6,6,6,5,6,6,1,6,3,5,5,2,5,2,5,3,6,5,6,1,1,6,6,6,6,6,1,5,5,6,6,6,6,3,2,6,5,1,5,6,4,1,5,6,5,1,6,4,4,4,4,3,2,2,2,1,2,4,2,2,3,4,1,5, ,1,5,5,4, ,48,71,39,40,35,50,27,260,68
0,1,1,0,0,0,0,1,0,0,1,6,6,1,3,6,1,1,5,1,1,6,6,1,5,1,2,4,6,2,1,5,6,5,2,2,2,1,6,6,4,1,5,6,1,2,6,5,2,1,1,1,5,4,2,1,1,5,1,1,1,1,6,2,1,1,6,1,1,1,5,6,1,1,1,1,3,2,1,1,2,2,1,1,1,2,2,4,4,4,4,2,2,26,15,49,11,29,13,61,16,133,26
0,1,1,0,0,0,0,1,0,0,5,1,2,4,6,2,1,2,2,1,6,3,2,3,5,6,3,5,2,2,4,2,3,5,2,5,2,2,4,1,4,2,2,2,5,5,5,4,3,2,4,2,4,2,5,6,3,5,6,2,4,5,5,5,4,4,4,2,4,3,2,5,4,6,5,4,2,2,3,2,3,2,2,3,2,4,3,5,4,3,5,3,4,31,39,31,31,17,54,47,30,202,44
0,1,1,0,0,0,0,1,0,0,5,5,5,3,5,4,2,4,4,1,5,5,5,4,4,5,5,5,3,2,2,5,5,5,1,6,3,1,4,4,5,5,5,2,2,5,5,2,2,4,2,4,5,3,6,4,4,4,3,2,3,1,5,4,6,1,5,1,4,1,2,5,2,3,3,2,2,2,3,2,2,3,2,2,2,1,5,4,3,5,4,5,3,18,47,37,31,30,28,52,25,198,49
0,0,1,0,0,0,0,1,0,0,3,2,2,2,5,3,4,2,2,2,5,4,2,2,3,4,4,5,3,2,1,2,5,4,2,5,1,2,4,4,2,3,2,4,3,4,4,3,3,1,2,1,5,2,2,3,5,4,1,6,1,2,5,1,1,1,6,2,1,2,6,4,2,3,4,3,2,3,3,3,2,3,2,1,3,2,4,2,2,5,1,3,3,16,25,39,27,13,27,48,29,160,34
0,2,1,0,0,0,0,1,0,0,4,1,4,1,1,5,1,1,6,1,1,6,5,5,4,1,1,1,2,1,1,1,6,5,1,2,2,1,6,6,5,4,3,6,1,3,5,5,4,4,1,1,1,1,2,1,1,1,1,1,2,1,5,1,2,1,4,2,3,1,4,6,1,1,2,1,6,2,1,2,6,6,2,3,1,1,3,4,5,3,4,2,4,28,30,35,9,24,13,45,32,143,31
0,1,1,0,0,0,0,1,0,0,6,6,6,5,6,5,5,6,5,4,6,5,5,6,5,3,4,4,6,6,2,5,5,5,5,5,6,3,5,5,6,4,5,5,5,5,5,6,5,5,3,3,4,5,5,2,3,4,4,5,4,2,4,6,6,2,2,5,6,2,6,5,2,2,2,2,3,2,2,2,3,3,3,5,2,5,1,4,5,2,2,1,5,35,59,71,29,37,39,48,29,264,67
0,0,1,0,0,0,0,1,0,0,3,4,2,2,4,5,5,2,2,1,3,6,3,2,2,1,3,5,5,3,2,2,5,5,4,4,3,2,5,4,4,3,2,1,2,3,5,4,3,2,2,1,5,2,2,2,2,5,1,4,2,2,5,5,3,2,5,3,2,1,2,6,2,3,2,1,2,2,2,2,2,2,2,2,1,4,2,4,2,5,4,5,1,21,29,46,19,15,22,57,20,151,37
0,1,1,0,0,0,0,1,0,0,3,6,4,4,4,4,3,3,5,1,5,5,5,2,4,4,4,5,3,5,2,5,5,5,4,2,5,2,4,5,5,2,5,2,2,4,4,5,3,4,2,2,4,4,4,2,2,2,2,2,3,1,5,5,4,2,4,4,2,4,4,5,2,2,3,2,2,2,3,3,3,5,2,3,2,4,4,4,4,3,4,4,5,28,33,52,23,32,30,47,30,200,47
0,1,1,0,0,0,0,1,0,0,6,2,2,1,1,5,1,1,6,1,1,6,1,1,4,1,3,3,4,3,1,4,6,4,1,1,1,1,5,6,1,1,3,4,1,1,5,4,3,4,1,1,4,1,1,1,1,1,1,1,1,1,6,1,1,1,6,1,1,1,4,6,1,1,2,1,4,3,2,2,3,6,1,1,1,1,4,4,4,3,3,4,3,22,20,26,9,24,13,51,26,118,18
0,1,1,0,0,0,0,1,0,0,5,4,4,1,5,4,3,2,4,2,3,4,4,2,5,3,2,5,4,4,3,4,6,5,3,4,4,2,4,4,4,2,4,5,2,4,5,4,3,4,2,2,4,3,4,2,4,4,2,3,3,2,5,3,4,2,5,2,4,2,4,4,1,3,3,3,2,2,3,2,3,3,2,2,3,1,4,4,1,4,3,4,2,17,37,46,23,29,26,49,28,189,44
0,1,1,0,0,0,0,1,0,0,3,1,3,2,4,6,1,3,5,1,4,6,2,3,4,1,4,5,4,3,1,4,6,6,1,4,2,1,6,4,1,3,4,1,1,4,4,3,4,4,1,2,6,1,3,1,3,3,1,2,3,1,6,4,3,1,6,1,3,1,4,5,1,3,1,1,2,1,1,3,1,4,1,1,2,1,5,2,2,5,1,5,2,11,35,26,24,26,14,59,18,143,32
0,1,1,0,1,0,0,0,0,0,3,4,4,3,5,4,4,3,3,2,5,4,4,3,5,2,5,4,4,4,3,4,4,4,5,2,4,2,4,4,4,4,4,4,3,4,3,4,3,4,3,4,4,3,4,3,4,4,3,4,4,3,4,5,3,3,4,3,4,3,3,4,3,3,3,3,3,3,3,4,3,3,3,3,3,3,2,4,4,1,2,3,4,29,37,51,30,28,36,43,34,216,55
0,0,1,0,0,0,0,1,0,0,4,2,2,3,3,5,2,3,4,1,4,5,4,4,3,2,2,4,5,3,4,4,5,5,2,3,4,2,5,3,4,2,4,2,2,2,3,3,2,2,1,3,5,2,3,2,1,5,1,3,2,3,5,3,2,2,5,2,4,1,2,5,2,4,2,2,3,2,2,4,2,2,2,2,2,2,2,4,4,2,4,4,4,28,32,36,19,23,26,52,25,161,40
0,0,1,1,0,0,0,1,0,0,4,2,4,2,5,4,3,4,4,4,5,4,3,4,5,3,4,4,6,4,4,5,6,4,3,5,4,3,4,4,3,2,4,3,4,4,4,4,4,4,3,4,4,3,4,4,4,3,2,4,4,3,4,3,3,1,5,3,4,2,3,5,1,3,3,3,3,3,3,3,3,4,3,2,2,1,5,4,4,5,4,4,2,19,42,43,29,30,36,45,32,212,50
0,0,1,0,0,0,0,1,0,0,5,5,5,4,4,4,2,2,3,2,3,4,4,3,3,2,2,4,5,4,3,4,5,5,5,5,4,4,4,4,3,3,3,5,3,3,3,3,3,3,2,2,5,2,2,2,2,3,1,1,1,1,6,6,1,1,6,1,1,1,1,6,2,3,3,3,3,2,3,4,2,4,1,1,1,1,5,3,2,4,4,4,1,16,30,43,19,25,28,50,27,172,36
0,0,1,0,0,0,0,1,0,0,5,5,4,3,4,3,4,3,4,3,3,3,4,3,4,3,3,3,3,4,3,3,3,3,3,3,4,4,4,3,4,3,3,3,3,3,4,3,3,3,3,3,3,4,3,4,4,4,3,4,4,4,4,3,3,4,3,4,4,3,3,4,4,4,4,4,4,4,3,3,4,3,3,4,3,2,5,4,1,4,4,5,2,17,38,47,24,25,44,38,39,217,51
0,0,1,0,0,0,0,1,0,0,3,6,4,6,3,5,4,3,4,2,4,4,5,3,4,4,4,3,5,4,4,5,4,4,4,2,4,3,4,3,5,3,4,5,3,4,4,6,4,3,4,4,4,5,3,3,3,4,2,4,4,4,4,5,4,5,4,4,4,3,5,4,3,4,2,3,4,3,3,3,3,3,3,3,3,3,4,4,3,5,2,4,1,18,37,63,26,28,46,44,33,233,58
0,1,1,0,1,0,0,1,0,0,3,3,6,2,3,4,2,2,4,1,2,5,3,2,4,4,1,5,2,3,1,3,5,5,2,2,4,1,5,5,2,2,4,3,1,2,5,2,3,4,1,5,5,2,3,2,2,4,1,2,3,1,5,2,2,1,5,1,2,1,2,6,2,2,3,2,2,2,2,2,2,3,2,2,1,2,5,2,3,5,2,5,2,14,27,28,17,29,19,54,23,143,35
0,1,1,0,0,0,0,1,0,0,6,6,4,4,5,3,5,3,3,3,5,3,4,3,3,3,4,3,4,2,3,3,4,4,4,2,3,3,4,2,3,3,3,4,1,5,3,5,4,3,4,4,3,3,2,3,3,2,1,3,4,4,3,5,2,1,3,3,3,2,6,3,3,5,4,4,4,3,3,4,4,5,4,4,4,3,2,4,5,1,5,3,5,34,34,55,31,22,35,34,43,220,47
0,0,1,0,0,0,0,1,0,0,2,2,1,2,3,5,1,1,4,1,4,5,2,2,4,3,4,5,3,2,3,2,4,5,2,4,2,2,5,4,2,2,3,2,3,4,5,3,3,3,2,3,5,2,2,3,3,5,2,2,3,3,4,2,3,3,5,2,3,2,2,5,3,3,2,2,2,2,2,2,2,2,3,2,2,2,4,3,2,4,3,3,2,19,27,27,24,19,32,54,23,152,36
0,0,1,0,0,0,0,1,0,0,6,5,5,4,3,4,2,1,4,2,6,4,5,6,1,4,5,2,5,1,4,2,5,4,6,1,4,2,5,5,5,5,4,2,4,6,1,2,6,5,4,4,2,5,5,4,2,1,4,6,4,4,4,5,5,2,4,5,2,4,6,6,2,2,3,3,5,3,2,6,5,6,3,3,1,2,5,4,5,4,5,5,4,24,42,59,28,25,44,37,40,238,66
0,1,1,0,0,0,0,1,0,0,5,4,3,1,3,5,3,2,4,2,3,5,6,4,5,4,2,6,4,4,3,5,5,5,4,5,5,2,6,6,4,4,4,6,3,5,4,5,4,4,1,4,6,5,5,5,4,4,2,4,4,2,5,5,4,1,5,4,4,1,5,6,2,1,2,2,1,2,1,3,1,3,2,2,1,2,5,3,3,3,4,5,1,18,45,59,22,30,29,57,20,205,55
0,1,1,0,0,0,0,1,0,0,5,2,4,5,5,6,1,1,4,1,4,5,2,1,4,2,4,3,1,1,1,3,5,4,1,3,2,1,4,5,2,2,4,5,6,5,2,4,4,2,5,2,4,3,4,3,1,4,3,3,2,1,5,2,2,1,4,1,1,1,3,4,2,2,1,2,4,3,3,5,3,3,2,3,3,4,4,2,1,3,4,4,2,20,26,30,23,23,32,45,32,166,38
0,0,1,0,0,0,0,1,0,0,6,4,3,3,4,5,3,2,4,1,4,5,4,2,4,4,5,4,4,2,1,3,4,5,3,3,2,3,5,4,3,2,3,3,3,4,5,2,2,3,1,1,6,2,2,2,3,2,1,1,1,1,6,2,1,1,6,4,1,1,3,5,3,3,2,2,3,2,2,2,1,5,1,1,2,1,5,4,1,5,4,5,1,14,24,38,24,22,25,54,23,156,31
0,1,1,0,0,0,0,1,0,0,5,6,4,4,4,4,3,2,3,2,2,5,3,3,4,2,2,4,3,3,2,2,5,4,2,2,3,1,5,4,4,2,3,4,2,2,5,4,2,3,3,2,4,2,2,2,3,3,1,3,2,4,4,4,2,2,5,2,2,2,4,5,2,3,3,2,3,3,2,2,3,4,3,2,2,1,4,4,2,4,4,2,1,20,27,44,18,22,29,48,29,169,35
0,0,1,0,0,0,0,1,0,0,6,6,4,5,5,4,2,3,3,3,4,5,4,3,4,4,5,4,3,4,3,4,5,5,3,4,4,3,3,4,4,5,5,4,3,5,4,6,6,4,4,4,3,3,6,4,5,4,3,2,6,3,4,3,6,3,3,1,6,2,2,4,2,3,3,2,3,2,4,3,4,3,3,4,3,4,2,4,4,2,5,4,5,32,55,43,31,28,42,43,34,233,58
0,1,1,0,0,0,0,1,0,0,4,4,4,5,5,2,4,1,4,2,2,4,3,2,5,1,2,3,3,4,5,4,4,5,3,3,3,2,2,4,3,2,4,5,2,2,3,4,2,3,2,2,1,2,3,1,2,3,2,2,2,3,4,3,4,2,3,2,2,3,4,4,3,3,5,3,4,2,5,4,6,4,3,4,3,1,2,4,5,3,4,3,4,28,29,42,18,27,33,34,43,192,38
0,0,1,0,0,0,0,1,0,0,6,6,3,1,3,6,1,1,3,1,1,1,3,3,3,3,1,6,5,5,1,3,6,6,6,4,6,1,6,5,3,2,6,6,1,3,6,6,1,3,2,2,6,6,3,3,2,5,1,1,1,1,5,6,1,1,6,5,4,1,5,6,1,2,1,6,1,1,1,1,1,2,2,1,1,1,1,1,1,1,2,5,1,17,31,59,14,27,18,59,18,167,51
1,1,1,0,0,0,0,1,0,0,3,4,3,3,4,4,2,2,3,1,2,5,4,2,3,5,3,5,4,2,1,4,4,6,3,1,3,2,6,3,4,2,2,4,4,3,5,4,2,3,2,2,5,5,2,3,2,4,2,2,2,1,5,5,2,2,3.76575946841338,2,1,1,2,6,3,4,3,2,2,1,1,2,2,3,2,3.23424053158662,1,2,4,5,5,3,2,4,4,25,21,45,20,21,30,54.7657594684134,22.2342405315866,159.234240531587,34
1,1,1,0,0,0,0,1,0,0,5,2,4,1,2,5,2,2,4,1,2,5,3,3,4,2,2,4,4,3,2,4,5,3,2,2,2,1,5,5,2,4,4,4,2,2,5,3,3,4,2,2,4,2,3,2,1,2,1,2,2,2,5,3,3,2,5,2,2,1,4.24675970556332,5,2,2,2,2,3,4,2,2,3,5,2,2,2,1,5,3,2,5,1,4,1,12,32,35.2467597055633,13,26,21,48,29,156.246759705563,36
1,0,1,0,0,0,0,1,0,0,2,2,2,3,2,5,1,1,2,1,2,5,4,4,2,2,3,5,1,2,1,4,5,2,1,1,2,1,5,5,3,2,2,2,1,2,5,2,2,2,1,2,5,2,2,2,1,1,1,2,1.67661502154174,1,6,2,2,1,5,1,2,1,1,5,2,2,2,2,2,5,2,2,2,6,1,2,2,3,4,4,4,4,3,5,4,23,21.6766150215417,24,14,16,18,49,28,121.676615021542,28
1,1,1,0,0,0,0,1,0,0,6,4,3,3,6,4,3,3,3,3,4,3,3,5,4,3,3,2.88585387875438,4,5,4,3,4,4,3,4,3,3,2,3,3,4,3,3,4,4,4,4,3,3,3,3,3,3,5,3,3,3,3,4,5,3,4,4,5,3,4,3,5,3,3,4,3,4,3,4,4.11414612124562,3,5,3,4,4,3,3,3,3,2,4,4,4,4,3,4,28,50,44,27,22,41,37.8858538787544,39.1141461212456,223.114146121246,56
1,1,1,0,0,0,0,1,0,0,3,1,1,1,2,5,2,1,5,1,4,5,4,2,4,5,4,5,3.19238690960869,4,2,3,5,5,3,2,4,2,5,4,2,1,4,4,2,4,4,5,4,4,2,3,4,2,2,3,3,2,1,3,3,4,4,2,2,2,2,2,2,1,3,1,2,3,2,2,2,2,2,3,3,5,3,5,6,2,4,3,4,3,3,5,2,20,26,36.1923869096087,23,25,28,42,35,173.192386909609,38
1,0,1,0,0,0,0,1,0,0,2,2,2,2,2,6,1,1,1,1,1,6,2,1,6,5,4,6,1,1,1,5,4,6,2,-.29723227997795,1,1,6,6,2,1,4,1,4,1,6,4,2,4,3,1,6,2,2,5,1,6,1,1,2,5,5,2,2,2,1,2,2,2,5,5,3,1,1,1,1,1,1,1,1,1,2,6,2,1,5,3,4,5,4,5,4,19,15.702767720022,27,11,23,35,59,18,129.702767720022,26
1,0,1,0,0,0,0,1,0,0,4,5,4,5,2,4,2,3,5,2,1,5,3,2,4,2,4,4,2,3,4,4,3,4,3,4,3,3,4,4,3,2,4,2,3,3,4,4,3,4,5,3,4,3,3,3,2,3,3,3,2,4,4,5,3,4,5.46424418469276,2,3,3,3,4,4,3,3,2,3,3,3,3,3,4,3,1.53575581530724,3,3,4,4,4,4,4,4,2,23,32,40,18,28,45,45.4642441846928,31.5357558153072,194.535755815307,46
1,1,1,0,0,0,0,1,0,0,3,2,5,5,6,3,2,2,5,4,1,6,6,3,6,2,1,4,6,4,1,5,4,5,3,4,3,1,4,5,4,4,5,3,2,1,6,6,5,3,5,6,6,3,3,4,1,5,4,5,6,3,6,3.77435413233467,5,3,4,3,6,3,3,6,3,2,4,1,3,2,3,1,1,2,1,3,1,4,3,4,5,2,5,3,5,33,45,49.7743541323347,18,32,40,55,22,206.774354132335,56
1,1,1,0,0,0,0,1,0,0,2,4,4,4,4,6,1,1,1.19225219579645,1,4,5,2,2,2,3,4,5,1,2,2,2,5,4,2,4,2,2,5,5,1,1,2,1,1,2,5,2,1,1,3,1,5,2,2,4,2,2,1,2,1,4,5,3,2,2,1,1,2,1,3,5,2,2,1,2,2,3,2,2,2,5,2,6,2,2,5,4,1,5,4,5,1,15,20,25,19,14.1922521957964,30,48,29,137.192252195796,28
1,0,1,0,0,0,0,1,0,0,4,2,2,1,2,5,1,1,3,1,5,5,3,3,1,5,2,5,2,2,1,3,5,5,1,2,2,1,5,5,1,2,1,4,1,2,5,4,2,2,2,2,5,2,1,5,5,5,1,1,1,1,5,2,1,1,4.39313338491961,1,2,1,2,5,2,2,2,2,2,2,2,2,2,2,2,2.60686661508039,2,1,4,4,1,4,4,4,4,20,21,26,20,14,23,54.3931333849196,22.6068666150804,126.60686661508,25
1,1,1,0,0,0,0,1,0,0,5,5,5,5,4.90184238721255,6,1,2,4,3,6,5,3,3,4,6,6,6,4,4,2,4,4,5,3,2,4,4,6,5,5,3,4,2,3,6,6,3,4,4,3,2,6,3,5,5,5,3,3,2,3,3,6,5,3,3,5,2,4,3,4,4,3,2,1,2,1,2,1,1,1,4,1,2,3,1,4,4,5,4,4,5,2,21,38,42,31.9018423872126,29,46,58,19,205.901842387213,48
1,1,1,0,0,0,0,1,0,0,3,1,3,4,5,6,1,1,2,1,5,4,5,1,3,1,4,5,1,2,1,5,6,6,4,3,2,1,4,4,4,1,4,1,1,3,5,6,4,4,2,2,4,1,2,2,3,5,1,1,3,1,4,1,3,1,5,1,3,1,1.53928724983705,6,1,3,1,3,2,1,3,2,3,2,3,2,1,5,4,4,1,2,5,4,2,25,26,28.5392872498371,25,23,18,54,23,143.539287249837,31
1,1,1,0,0,0,0,1,0,0,1,1,3,3,3,4,3,3,4,2,3,4,4,2,2,2,2,3,4,2,2,3,4,4,3,4,3,1,3,3,4,2,3,4,3,3,5,3,1,2,2,2,2,2.63543960279965,3,4,2,3,1,3,2,1,4,2,2,2,2,1,2,1,2,2,3,4,3,3,4,3,4,2,5,4,3,5,5,3,4,4,4,4,4,4,3,24,24,36.6354396027997,19,20,27,36,41,167.6354396028,37.6354396027997
1,1,1,0,0,0,0,1,0,0,4,6,4,3,4,6,3,2,4,2,4,5,6,4,2,1,2,5,4,5,1,6,6,5,6,3,4,1,5,6,6,2.83138000717646,5,6,2,4,6,5,4,4,1,1,5,4,5,5,1,3,1,4,2,1,6,6,4,1,4,5,2,1,5,6,1,1,1,2,2,2,2,1,2,4,1,3,1,2,5,4,5,3,4,4,2,23,37.8313800071765,66,17,29,21,56,21,191.831380007176,50.8313800071765
1,0,1,0,0,0,0,1,0,0,5,6,2,4,6,5,1,2,4,1,6,2,4,4,2,1,6,2,4,4,1,1,2,4,6,4,1,3,2,2,5,5,2,1,3.04043333680173,5,2,5,6,3,3,5,2,6,6,5,2,2,5,2,5,2,2,6,5,5,1,1,6,2,1,1,5,5,2,5,5,3,5,5,5,5,5,6,6,5,2,4,4,1,3,3,5,33,52,48,35,15,40.0404333368017,25,52,242.040433336802,62
1,1,1,0,0,0,0,1,0,0,4,6,5,4,4,3,3,4,3,3,4,4,6,4,4,1,4,4,6,4,4,4,3,4,6,4,4,4,2,2.90430161451652,4,3,4,4,6,4,4,5,4,4,4,4,4,5,4,3,6,4,4,4,4,4,4,6,4,4,4,4,4,4,5,4,4,4.09569838548348,4,3,3,3,5,3,3,3,3,3,3,4,2,5,5,4,4,5,1,26,43,64,30.0956983854835,28,49,41,36,250.095698385483,63
1,0,1,0,0,0,0,1,0,0,6.18487963125447,5,5,5,6,4,1,5,5,5,6,5,4,5,5,6,5,4,4,5,3,4,5,3,4,6,4,3,4,1,4,5,4,2,5,6,4,6,5,5,5,6,5,5,6,5,6,4,5,2,5,4,5,6,6,4,5,5,6,2,4,5,2,6,3,2,3,4,3,3,2,3,2,2,2,4,4,5, ,2,5,4,5, ,60.1848796312545,52,41,32,54,48,29,268.184879631254,70
1,1,1,0,0,0,0,1,0,0,5,1,5,1,1,5,2,2,5,1,3,5,5,2,5,2,2,2,2,2,2,5,5,5,2,2,2,2,5,5,5,2,5,5,2,2,5,4,2,5,2,2,5,2,2,2,2,2,2,2,4,4,5,2,2,2,5,2,4,1.37780738459749,2,5,2,2,2,2,5,2,2,2,2,5,2,2,2,1,4,4,1,3,4,4,1,18,29,36,14,32,25.3778073845975,49,28,164.377807384597,35
1,1,0,0,0,0,0,1,0,0,4,1,4,3,2,5,1,1,1,1,1,4,3,2,3,2,1,3,1,2,1,5,2,3,2,4,1,1,6,5,3,1.45758807074384,1,1,4,1,6,1,1,1,1,1,5,1,1,1,1,2,1,1,1,1,1,1,1,1,5,1,2,1,2,5,5,2,2,3,4,4,1,1,2,5,6,2,2,1,4,1,1,4,1,4,1,11,20.4575880707438,19,9,16,23,45,32,119.457588070744,18.4575880707438
1,1,1,0,1,0,0,0,0,0,6,6,5,1,6,5,1,3,1,1,6,1,5,1,6,6,4.29026306960538,4,4,4,1,1,5,6,1,1,1,1,6,4,6,6,1,4,1,5,1,5,4,1,1,6,1,6,5,5,6,5,1,1,5,1,4,5,4,1,1,2,4,1,4,3,2,3,2,6,3,1,1,6,6,2,3,6,4,1,4,3,2,5,1,4,3,15,43,50,36.2902630696054,16,23,37,40,208.290263069605,42
1,1,1,0,0,0,0,1,0,0,6,6,4,1,1,6,1,1,1,1,1,6,1,1,1,1,1,4,3,1,1,1,5,3,1,1,1,1,6,4,3,4,6,3,1,1,4,4,1.7150362271116,3,1,2,5,3,3,1,1,1,1,2,5,2,5,5,1,1,5,1,1,1,3,5,2,3,1,1,3,4,1,3,2,6,2,2,2,1,4,4,4,4,3,3,3,22,25.7150362271116,36,10,17,15,50,27,130.715036227112,29
1,1,1,0,0,0,0,1,0,0,4,2,5,5,1,6,4,2,5,1,1,6,5,2,5,1,1,5,5,2,2,6,6,6,2,1,1,1,6,6,3,4,6,2,5,2,5,2,4,6,1,1,6,2,1,2,1,2,1,1,5,1,4.19802194862104,2,2,1,1,1,4,1,4,6,1,1,1,1,2,1,1,2,1,5,2.80197805137896,6,1,1,4,3,3,5,2,4,1,15,31,35,8,34,23,53.198021948621,23.801978051379,154.801978051379,30
1,1,1,0,0,0,0,1,0,0,4,3,4,1,4,4,1,2,4,1,1,6,4,2,4,2,2,6,3,4,2,4,6,6,3,3.74498274631797,3,1,6,6,1,3,2,1,1,1,6,2,3,4,1,1,6,1,1,1,1,6,1,1,3,2,6,2,2,1,6,1,1,1,3,6,1,1,3,1,1,1,1,1,1,1,1,1,1,1,5,1,1,5,4,3,3,15,28.744982746318,26,11,25,16,64,13,119.744982746318,23
1,0,1,0,0,0,0,1,0,0,2,3,5,2,2,5,1,1,3,1,2,6,1,1,5,2,1,4.66350199960203,3,2,1,2,5,6,2,2,1,1,6,5,1,1,3,3,2,2,6,3,3,3,1,1,6,2,2,1,1,5,1,1,1,1,5,3,1,1,5,1,1,1,1,6,2,2,2,1,2.33649800039797,1,1,1,1,2,2,2,1,1,4,4,2,4,2,4,1,16,17,25,11,22,17,60.663501999602,16.336498000398,108.336498000398,21
1,0,1,0,0,0,0,1,0,0,4,5,5,5,5,3,3,2,5,3,4,6,6,5,5,5,4,6,2,3,2,5,4,6,3,4,3,3,6,4,5,4,5,5,5,5,5,5,5,5,3,3,6,3,3,5,5,6,3,4,3,4,6,4,4,4,6,3,4,2.55886667160304,4,5,3,3,4,1,1,1,1,2,1,1,1,1,2,1,5,3,1,4,5,5,1,15,41,52,29,33,47.558866671603,61,16,218.558866671603,53
1,0,1,0,1,0,0,1,0,0,2,2,4,5,5,5,1,1,2,2,5,5,3,1,2,4,4,5,2,2,1,4,3,5,1,2,2,2,5,4,2,2,3,1,2,5,5,5,3,4,4,4,5,2,2,5,4,5,2,2,2,4,5,4,2,2.96858097182145,5,1,2,2,2,5,4,3,2,2,2,2,2,2,2,2,2,2,2,1,4,4,2,4,1,4,3,17,21,28,30,21,39.9685809718214,55,22,161.968580971821,35.9685809718214
2,1,1,0,0,0,0,1,0,0,3,3,4,2,4,5,2,5,3.88387305313608,3,4,4,5,2,5,2,1,1,2,2,2,4,5,5,2,2,3,3,4,4,4,3,3,3,1.50093140294693,2,5,4,2,3,2,2,5,2,2,2,2,2,2,2,2,2,5,4,2,1,5,2,2,2,2,5,2,3,2,3,6,2,3,2,2,5,2,2,2,4,4,4,4,4,4,4,4,26,27,37,18,25.8838730531361,26.5009314029469,46,31,165.384804456083,33
2,0,1,0,0,0,0,1,0,0,3,3,3,4,4,3,4.16112347869156,5,3.64623155850354,4,4,3,5,4,4,4,4,4,4,4,4,4,3,3,4,4,4,5,5,5,4,4,4,4,5,5,4,4,4,3,3,3,4,4,5,5,5,4,4,4,4,5,5,4,3,3,4,3,4,4,3,3,4,2,4,4,3,4,2,3,3,3,2,3,4,1,5,3,2,3,3,4,3,18,44,50.1611234786916,27,25.6462315585035,54,42,35,235.807355037195,56
2,1,1,0,0,0,0,1,0,0,3,3,4,2,4,4,1,1,4,3,3,3,4,3,5,3,3,2,3,4,4,4,5,5,4,4,4,3,4,5,3,3,4,4,3,2,5,3,3,4,3,2,4,3,3,4,2,3,3,3,3,3,4,4,3,3,3.73226094789835,2.45062257969314,3,3,4,5,2,2,3,4,5,2,3,2,3,4,3,3.26773905210165,2,1,4,4,3,4,3,4,3,20,33,41.4506225796931,18,29,39,42.7322609478984,34.2677390521016,194.718361631795,45.4506225796931
2,1,1,0,0,0,0,1,0,0,4,2,1,2,5,4,1,2,6,1,4,5,4,3,5,3,5,3,5,2,1,4,6,4,3,4,2.93559364621127,1,3,3,4,2,4,4,2,2,4,4,2,3,1,4,3,3,2,4,5,4,2,3,3,2,5,4,2,5,5,2,2,2.33764865117701,4,4,1,4,3,2,4,3,4,3,4,3,2,2,3,2,4,4,4,4,2,4,4,22,28,43,29,25.9355936462113,27.337648651177,44,33,186.273242297388,42.9355936462113
2,1,1,0,0,0,0,1,0,0,5,5,5,5,5,5,4,3,4,3,3,3,4,4,4,3,3,3,3,3,3,5,5,3.5942597749899,4,3,3,4,3,3,4,3,3,3,3,3,3,3,3,3,3,3,3,3,3,3,3,3,3,2.79299084558708,3,3,3,3,3,3,3,3,3,3,3,3,2,4,2,4,4,3.4057402250101,4,4,4,4,4,4,4,3,4,4,4,3,4,3,4,27,36,44.7929908455871,24,27,41,35.5942597749899,41.4057402250101,214.198731070597,47.7929908455871
2,1,1,0,0,0,0,1,0,0,4,4,4,4,4,5,2,5,4,2,4,5,4,2,2,4,4,2,4,4,2,2,5,2,2,2,2,2,2,3,3,4,3,3,2,2,5,4,1,1.97487323002852,3,3,3,2.9994048734053,4,2,2,2,2,4,3,1,5,4,4,2,3,4,4,2,2,2,2,4,2,2,5,5,5,2,4,5,2,4,5,1,4,4,3,5,2,3,4,20,37,42.9994048734053,23,18.9748732300285,30,36,41,192.974278103434,46.9994048734053
2,1,1,0,0,0,0,1,0,0,1,3,4,3,1,5,1,1,4,4,4,6,4,1,4,4,2,1,3,2,4,4,5,6,2,2,2,1,6.62630041151942,6,2,2,4,2,2,2,6,5,4,2,2,1,6,2,2,6,1,5,1,2,2,4,5.05902986362337,1,1,1,6,1,1,1,1,6,2,1,2,1,6,1,.373699588480581,1,1,2,1.94097013637663,1,1,1,4,4,2,4,2,4,4,19,19,29,12,24,35,58.6853302751428,18.3146697248572,137.314669724857,25.3736995884806
2,1,1,0,0,0,0,1,0,0,6,5,4,2,5,4,1,2,5,2,6,2,5,4,4,1,3,4,4,5,2,4.46657383480289,6,5,4,5,4,2,4,4,4,4,4,4,2,5,4,2,5,5,2,5,4,5,5,2,4,4,2,5,4.87488102612087,2,4,6,3,3,2,1,5,3,6,5,1,3,3,5,3,2,3,3,3,3,3,5,2,5,4, ,4,3,3,4,2, ,48.8748810261209,52,31,30.4665738348029,26,42,35,223.341454860924,59
2,0,1,0,0,0,0,1,0,0,4,6,6,2,4,6,1,1,4,4,6,4,2,2,3,4,4,4,3,2,1,3,5,5,3,4,4,4,4,3,3,2,3,1,2,4,4,4,3,3,2,4,3,3,3,3,3,3,2,2,3,2,3,4.20028708428251,2.71395447728364,3,2,3,3,3,3,3,2,4,1,3,3,2,3,3,4,4,4,5,4,4,1,1,1,2,1,2,2,22,29.7139544772836,38.2002870842825,29,26,34,41,36,192.914241561566,44
2,0,1,0,0,0,0,1,0,0,1,1,4,1,1,6,1,1,5,1,1,6,2,1,1,1,1,6,5,1,1,5,6,6,1,1,1,1,6,6,2,1,5,1,1,1,6,1,1,2,1,1,6,1,1.64611885963136,1,1,6,1,1,1,1,6,4,1,1,6,1,1,1.60697068634902,1,6,1,1,1,1,1,1,1,1,1,1,1,1,1,1,5,1,3,5,4,5,1,13,11.6461188596314,22,7,23,13.606970686349,66,11,88.2530895459804,19.6461188596314
2,1,1,0,0,0,0,1,0,0,4,1,2,4,4,5,2,3,4,1,4,5,3,2.3560865321781,4,4,5,5,3,3.1754512734018,3,4,3,6,5,2,4,1,4,3,4,3,4,1,3,4,6,4,2,4,4,4,5,4,4,4,1,4,1,2,4,4,5,4,4,4,4,3,4,1,3,4,4,4,2,2,2,1,3,1,2,3,2,3,3,4,2,4,4,4,2,2,4,28,35.5315378055799,39,26,26,38,53,24,188.53153780558,54.3560865321781
3,0,1,0,0,0,0,1,0,0,5,5,6,2,5,2,4,3,4,4,3,4,3,4,4,3.24709541416471,5,2,3,2,2,3,2,2,5,5,2,3,3,3,3,4,3,3,4.15270055240428,5,4,3,4,4,4,4,3,4,4,4,4,4,4,4,4,4,3,3,4,3,4,3,3.55903293273193,1,4,4,5,4,5,3,5,5,4,3,4,3,4,3,3,2,4,4,3,3,5,4,3,24,42.5590329327319,47,30,26,43.399795966569,35,42,230.958828899301,56.5590329327319
3,1,1,0,0,0,0,1,0,0,6,1,3,5,5,5,1,3,2,1,1,6,4,2,2,6,.719926667390728,4,1.73867871401274,2,1,3,6,4,1,5,3,1,6,5,4,4,2,1,6,2,5,6,3,2,2,1,5,3,2.9976563101526,6,2,4,1,1,2,1,3,1,3,1,6,1,3,1,3,5,1,2,2,1,3,3,1,2,2,3,4,1,2,1,3,4,4,3,4,5,3,23,35.9976563101526,28.7386787140127,13.7199266673907,17,33,53,24,152.456261691556,29.9976563101526
3,1,1,0,0,0,0,1,0,0,5,6,6,5,6,4,1,4.72894847000512,5,5,6,2,3,5,6,1,5,2,6,6,5,4,4,4,5,5,6,5,1,2,4.03840728652831,4.4034261535479,3,2,5,6,2,5,5,1,5,3,1,6,6,5,4,4,4,4,5,2,2,6,5,4,2,1,4,4,3,2,3,5,3,5,5,3,6,5,6,3,5,5,5,5,1,5,4,1,2,2,5,35,55.132374623553,52.0384072865283,35,31,53,26,51,277.170781910081,68.4034261535479
4,1,1,0,0,0,0,1,0,0,4,3,3,1,6,4,1,3,3,1,6,4,3,3,4,2,5,4,3,4,1,4,6,4,3,5,4,1.76046170865277,4,2,2,3.56691786007167,3.66431854462275,2,1,5,4,2,4,5,1,4.36161790939,4,3,4,4,6,4,2,1,3,1,4,1,4,1,4,1,3,1,1,4,1,5,3,3,3,3,3,3,3,3,3,3,3,2,2,4,4,2,4,4,1,25,40.5669178600717,26,37.36161790939,26.6643185446227,18.7604617086528,44,33,182.353316022737,43.5928543140844
17,0,1,0,1,0,0,0,0,0, , , , , , , , , , , , , , , , , , , , , , , , , , , , , , , , , , , , , , , , , , , , , , , , , , , , , , , , , , , , , , , , , , , , , , , , , , , ,3,3,4,2,5,4,4,2,21, , , , , , , , , 
31,1,1,0,0,0,0,1,0,0, , , , , , , , , , , , , , , , , , , , , , , , , , , , , , , , , , , , , , , , , , , , , , , , , , , , , , , , , , , , , , , , , , , , , , , , , , , ,1,5,1,1,1,4,5,1,15, , , , , , , , , 
