Age,Gender,Ethnicity,Race,Semestrs,Credits,Suspic,MEAQ01,MEAQ02,MEAQ03,MEAQ04,MEAQ05,MEAQ06,MEAQ07,MEAQ08,MEAQ09,MEAQ10,MEAQ11,MEAQ12,MEAQ13,MEAQ14,MEAQ15,MEAQ16,MEAQ17,MEAQ18,MEAQ19,MEAQ20,MEAQ21,MEAQ22,MEAQ23,MEAQ24,MEAQ25,MEAQ26,MEAQ27,MEAQ28,MEAQ29,MEAQ30,MEAQ31,MEAQ32,MEAQ33,MEAQ34,MEAQ35,MEAQ36,MEAQ37,MEAQ38,MEAQ39,MEAQ40,MEAQ41,MEAQ42,MEAQ43,MEAQ44,MEAQ45,MEAQ46,MEAQ47,MEAQ48,MEAQ49,MEAQ50,MEAQ51,MEAQ52,MEAQ53,MEAQ54,MEAQ55,MEAQ56,MEAQ57,MEAQ58,MEAQ59,MEAQ60,MEAQ61,MEAQ62,MEAQ23RV,MEAQ30RV,MEAQ6RV,MEAQ12RV,MEAQ18RV,MEAQ24RV,MEAQ29RV,MEAQ37RV,MEAQ43RV,MEAQ48RV,MEAQ53RV,MEAQ57RV,MEAQ62RV,EADEVAL,EABEHAV,EADISTRA,EAREPRES,EAPROCRA,EATOLERA,EATOLREV,MEAQTOT,MEAQBV
20,0,0,1,5,12,0,5,6,5,3,4,4,2,3,6,1,3,5,4,5,5,2,3,3,5,5,2,6,5,4,4,4,5,1,4,4,4,4,5,5,1,3,5,5,5,6,1,1,3,3,5,1,2,2,1,3,5,3,6,5,5,2,2,4,4,1,6,4,2,3,3,2,4,3,3,2,4,5,1,5,3,56,50,38,21,19,42,35,219,52
21,0,0,2,6,16,0,6,6,5,1,4,5,2,2,5,2,5,5,6,5,5,5,5,3,5,5,2,5,6,6,6,2,5,2,5,6,6,4,5,5,5,4,4,4,5,1,1,5,3,4,4,4,2,2,2,4,2,3,2,2,2,1,3,2,3,2,5,4,1,1,2,2,4,1,2,3,4,5,5,4,3,57,40,31,31,26,42,35,220,55
21,0,0,1,6,13,0,5,4,4,4,4,4,3,4,4,2,4,5,4,3,4,2,2,4,4,4,2,4,4,3,3,3,3,2,4,4,4,3,4,4,2,4,4,4,3,3,2,3,4,3,3,2,3,3,2,4,3,2,4,4,3,2,4,3,5,2,4,5,3,3,3,2,3,4,3,3,3,4,3,3,2,48,39,26,29,23,44,33,198,48
22,0,0,6, , ,0,6,2,4,5,4,6,1,3,4,4,4,4,3,3,4,3,3,4,3,3,2,2,3,5,3,6,3,3,4,3,5,3,4,2,4,4,5,4,3,4,4,3,4,3,4,2,2,3,2,2,3,3,4,3,3,4,3,1,3,3,2,4,4,4,1,3,3,2,3,2,3,4,3,4,3,34,40,25,43,24,46,31,197,47
18,0, ,1,0,15,0,3,3,5,3,4,3,3,5,2,1,3,4,2,5,3,3,4,2,3,6,5,3,2,4,3,4,2,4,3,4,5,4,4,4,3,5,5,4,3,4,3,5,5,4,2,3,4,3,3,3,3,4,3,5,4,4,4,3,2,2,4,4,5,3,4,3,5,3,4,2,2,4,4,3,3,46,41,23,43,28,40,37,218,53
22,0,0,2,6,13,0,6,4,5,2,4,6,1,2,6,3,5,6,3,5,5,3,5,3,5,5,3,5,6,5,5,2,5,2,5,5,3,4,5,3,1,4,6,4,5,5,2,4,4,4,4,3,4,2,2,2,4,2,5,5,3,1,3,1,3,1,5,6,1,2,1,1,4,2,2,1,3,5,2,4,1,45,43,36,26,28,51,26,204,51
23,1,1,6,10,15,0,6,4,3,1,2,6,3,1,1,1,2,6,4,6,1,5,2,6,2,1,1,1,6,6,5,2,1,1,6,3,5,1,1,3,1,1,6,5,1,1,1,1,1,2,1,5,1,5,1,1,1,1,6,2,1,1,6,1,1,1,5,6,1,4,1,1,1,1,1,1,6,2,1,1,1,42,22,9,21,13,60,17,124,25
26,0,0,1,10,9,0,3,2,2,2,4,4,1,1,4,1,4,6,3,3,5,2,4,3,5,4,1,4,6,5,4,3,2,1,2,5,4,2,4,4,1,4,3,1,2,3,1,1,3,4,4,1,3,1,1,1,2,2,4,2,2,1,5,2,2,1,4,5,1,2,3,1,4,2,5,4,4,6,3,2,2,37,28,24,16,22,41,36,163,40
18,0,0,1,1,15,0,5,6,3,5,1,3,5,5,3,4,6,3,3,3,2,4,5,5,6,5,4,4,3,5,5,5,5,4,2,3,4,5,6,4,4,5,4,5,4,4,4,5,3,5,5,5,4,4,2,2,2,2,3,5,5,4,3,4,4,2,5,3,4,4,4,4,2,2,5,3,4,3,4,4,4,59,48,27,48,30,38,39,251,67
18,1, ,2, , ,0,6,6,6,5,5,5,5,3,5,5,6,6,6,6,5,1,5,6,6,4,4,4,5,6,5,5,6,5,5,6,6,6,5,5,6,6,5,6,6,5,6,5,6,5,6,2,4,4,5,4,5,4,4,5,5,5,5,6,5,6,5,6,2,1,2,1,1,1,2,2,1,3,3,2,1,70,57,36,56,32,58,19,270,78
20,0,1,6,4,19,0,5,2,5,2,4,6,5,4,5,1,4,6,1,5,5,1,4,5,5,5,2,6,6,6,1,4,2,1,6,5,1,1,5,3,1,4,5,4,2,4,2,6,6,1,4,1,1,2,1,4,4,2,6,2,1,1,6,1,4,1,5,6,1,2,1,1,2,1,1,2,1,5,1,1,1,35,39,32,17,25,60,17,165,42
18,1,0,1,1,15,0,6,4,5,2,5,4,2,4,5,2,5,4,2,5,5,4,4,3,5,4,1,5,5,4,5,4,4,2,4,4,3,3,5,3,2,4,4,4,4,5,2,3,5,2,4,3,2,3,2,1,3,2,5,4,3,1,5,4,3,2,4,5,2,3,3,3,4,3,3,3,2,4,2,2,2,43,43,34,27,26,46,31,204,49
34,0,0,2,6,14,0,6,2,2,1,4,6,1,2,1,1,4,6,5,2,4,4,1,5,2,2,1,2,5,6,2,1,2,1,6,6,5,4,2,2,5,4,5,2,3,3,1,1,2,2,3,4,2,5,1,1,2,1,5,2,2,1,5,1,4,1,2,6,2,1,1,1,2,1,1,2,5,2,2,2,1,29,31,16,24,17,57,20,137,31
 ,1,0,1,6,15,0,5,2,3,2,3,6,2,1,4,1,2,5,3,2,3,5,2,6,2,2,1,3,5,5,2,3,3,2,5,6,2,1,3,2,5,2,5,2,2,2,1,1,5,1,2,5,2,5,1,1,1,1,5,2,1,4,5,2,2,2,2,5,2,1,1,2,1,2,2,2,2,2,2,2,2,25,22,21,32,13,57,20,133,29
 ,1, ,2, , ,0,6,6,6,3,6,2,5,6,6,6,6,6,6,6,6,6,6,6,6,6,6,6,6,6,6,6,6,6,6,6,6,6,6,6,6,6,6,6,4,4,3,3,4,4,4,6,5,5,5,5,5,5,4,4,4,4,4,4,4,4,4,4,1,1,5,1,1,1,1,1,3,2,3,3,3,68,57,40,61,33,53,24,283,68
 ,0, ,1,2,13,0,6,5,3,5,5,5,3,2,5,1,6,6,6,2,5,5,6,6,5,5,1,3,6,6,4,1,2,1,6,6,6,2,2,4,1,4,5,6,5,4,1,1,6,6,4,5,2,4,1,3,4,2,6,6,4,1,6,3,4,1,5,6,1,1,2,1,1,1,1,2,1,3,1,1,1,62,39,24,26,25,62,15,191,40
21,0,0,1,4,59,0,2,3,4,2,4,6,1,2,3,3,4,6,5,2,3,5,3,6,3,3,3,4,6,6,3,2,2,1,4,3,6,3,3,2,1,4,4,4,6,3,1,3,6,4,4,4,3,4,1,3,5,2,6,4,4,2,6,3,5,1,3,6,1,4,1,1,1,1,3,3,1,3,1,1,1,44,38,22,27,25,60,17,173,45
19,1,0,1,2,16,0,3,4,4,2,5,5,3,2,5,1,6,5,4,2,5,4,5,4,3,5,2,5,5,3,5,2,5,4,5,5,6,6,5,4,2,5,4,3,2,4,2,4,5,4,2,4,5,4,1,3,2,4,5,4,2,2,4,4,2,1,6,5,2,2,2,2,3,4,2,3,2,3,2,3,2,53,30,33,31,32,49,28,207,53
24,0,0,1,6,13,0,4,3,4,4,4,5,1,2,3,2,5,6,3,2,2,4,5,5,2,1,1,4,6,6,4,2,2,1,5,5,5,2,5,1,1,4,4,5,2,2,2,2,5,4,4,4,1,4,1,1,2,2,6,3,3,1,5,1,2,1,2,6,1,2,2,1,2,1,2,3,2,3,1,2,1,35,26,22,25,23,57,20,151,38
21,0,0,1,6,13,0,3,4,4,4,4,3,3,3,3,4,4,4,4,4,4,3,3,3,3,3,4,3,3,4,3,3,3,2,2,2,3,3,3,3,3,4,4,4,4,4,3,3,3,3,3,4,4,4,4,3,3,3,2,3,3,3,4,4,4,4,4,4,4,5,4,3,4,3,5,3,4,3,5,3,3,44,36,24,45,27,37,40,216,51
18,1,0,1,0,16,0,4,2,4,3,4,4,3,2,4,2,3,5,4,3,4,2,4,3,3,4,4,4,5,3,4,3,5,2,5,3,4,3,4,3,5,4,2,2,2,4,2,3,5,3,5,2,3,2,2,5,2,1,3,2,2,2,4,2,2,2,3,3,2,4,3,2,4,4,2,5,2,5,4,3,4,40,32,29,31,25,39,38,195,49
19,0,0,1,3,4,0,4,4,3,2,3,2,4,3,4,4,4,4,4,4,4,4,4,5,5,4,3,4,5,4,3,3,4,5,5,4,4,4,4,4,4,3,4,4,4,4,4,4,5,5,5,4,4,4,4,4,4,3,3,4,4,4,4,4,4,4,6,6,2,3,5,3,2,3,2,3,2,3,4,3,1,55,43,27,47,25,46,31,228,58
18,0,0,3, ,15,0,6,3,5,2,2,4,2,1,6,1,2,5,6,2,6,2,4,4,2,2,1,6,6,6,4,3,2,1,6,6,6,3,6,2,6,2,5,4,5,6,1,2,4,3,4,1,2,4,1,3,4,1,6,5,1,1,6,2,6,1,2,6,1,1,3,2,3,1,1,2,3,3,1,1,1,44,37,37,20,15,56,21,174,42
20,0,0,1,4,12,0,5,5,6,4,6,5,6,3,3,4,6,5,2,3,3,2,4,4,5,5,4,3,5,4,3,3,3,2,2,3,5,4,3,3,1,5,4,6,3,4,3,4,4,3,3,3,3,4,2,2,2,1,2,5,4,2,3,4,3,2,4,2,2,4,2,2,3,3,5,3,3,3,5,4,5,53,38,25,32,32,39,38,218,50
21,1,0,1,7,13,0,2,4,5,1,3,6,1,1,4,1,1,5,3,1,3,6,1,5,3,5,1,1,6,6,4,1,1,1,6,6,3,2,1,6,1,1,6,5,1,1,1,1,6,1,1,5,1,6,1,2,1,1,6,4,1,1,1,1,1,1,5,6,1,1,1,2,2,1,1,1,1,1,1,6,1,42,17,16,22,9,59,18,124,20
18,0,0,1,0,15,0,5,5,5,6,5,5,4,2,5,5,5,5,5,2,3,2,5,4,4,4,1,4,3,5,4,4,4,5,3,4,6,4,4,3,3,5,4,6,5,4,4,4,4,5,5,5,5,3,3,4,4,5,5,5,5,5,4,3,4,4,4,4,4,3,2,2,3,2,4,3,3,4,2,3,3,58,44,29,52,32,46,31,246,61
19,1, ,2, , ,0,4,6,5,4,4,5,2,5,4,2,3,3,5,4,4,2,5,4,4,4,2,5,4,5,5,3,4,2,3,3,6,4,5,5,3,5,3,6,5,4,4,3,3,5,5,3,2,3,3,2,4,3,4,6,4,4,3,2,4,3,4,4,3,4,2,4,3,2,4,4,4,4,3,4,3,58,46,31,38,26,40,37,236,60
21,0,0,6,7,15,0,4,2,3,4,4,6,1,2,3,1,4,6,2,2,4,1,1,6,1,2,1,3,5,6,1,1,3,1,6,6,2,1,3,4,1,3,6,1,2,3,3,1,6,1,2,1,4,6,1,1,1,2,6,1,2,1,6,1,2,1,1,6,2,1,1,1,1,1,1,1,1,1,1,1,1,19,21,22,20,18,66,11,111,26
20,1,0,4,4,14,0,5,5,5,3,4,3,3,4,3,2,4,4,3,4,4,2,4,4,6,5,2,4,4,5,5,5,3,4,2,3,4,4,4,3,2,4,4,6,5,3,2,4,2,4,5,2,4,4,2,3,4,1,4,5,5,2,3,3,5,2,3,4,3,4,4,3,3,2,5,3,5,3,3,4,3,53,51,26,29,28,39,38,225,57
27,0,0,1,6,3,0,5,6,2,4,6,5,2,3,3,2,6,2,6,3,2,2,6,4,4,3,1,3,4,4,3,3,3,4,2,2,5,3,3,4,2,6,3,3,4,3,4,6,3,5,5,3,5,1,3,4,3,2,4,6,3,2,3,4,3,2,6,3,3,5,2,5,3,3,5,4,4,6,3,4,4,58,38,19,34,40,34,43,232,59
20,0,1,6,4,15,0,4,3,3,2,4,4,2,3,5,4,4,4,4,2,4,1,1,2,2,2,5,5,6,5,3,4,3,2,4,5,5,3,4,2,1,5,4,5,4,4,2,3,3,2,3,2,3,3,2,3,3,3,5,5,4,2,3,2,3,2,2,6,1,2,3,3,5,2,3,3,4,4,2,4,1,40,35,28,29,22,43,34,188,43
19,1,0,2,2,12,0,2,6,5,4,4,4,4,3,4,1,4,5,4,2,4,2,4,4,5,5,4,5,5,5,1,1,4,4,6,6,4,1,4,1,2,4,5,2,4,5,3,3,5,4,4,4,2,4,4,1,4,2,5,2,2,3,4,1,1,4,1,5,2,1,3,2,3,2,1,2,2,3,2,3,2,36,29,31,39,22,52,25,182,37
28,0,1,1, ,6,0,4,3,1,1,1,6,1,1,3,1,1,6,1,1,2,3,1,3,2,2,1,3,6,4,2,2,2,1,5,5,2,2,3,3,1,1,6,2,2,2,1,1,6,1,1,1,1,3,1,1,1,1,5,2,1,1,5,1,1,1,2,4,1,2,1,1,4,3,2,1,1,4,2,2,3,23,18,16,15,8,53,24,104,21
23,0,0,1,8,15,0,4,3,4,2,5,5,1,2,4,2,4,5,4,3,5,3,5,4,4,3,1,4,6,6,3,1,3,1,5,5,3,3,4,1,5,4,5,4,3,3,1,2,3,3,3,5,4,4,3,5,4,1,6,3,2,3,5,2,3,1,4,6,1,2,2,2,3,1,2,2,4,3,1,2,1,40,31,27,29,26,54,23,176,44
22,0,0,1,7,15,0,1,2,5,5,5,4,1,4,5,3,5,4,6,2,5,2,6,4,2,4,5,5,4,4,2,4,4,4,5,4,5,5,4,1,3,5,5,5,4,4,3,2,4,4,5,4,4,3,3,3,4,3,5,3,2,2,4,1,5,3,1,2,3,3,3,3,3,3,2,2,3,4,2,3,5,36,40,32,43,30,44,33,214,49
24,1,1,6,8,9,0,6,4,3,1,4,5,4,3,5,3,4,5,5,3,4,3,4,4,5,3,2,4,4,5,5,5,4,3,3,3,4,4,4,4,3,3,4,4,3,4,2,2,3,4,3,3,3,4,3,5,3,3,5,5,4,3,3,4,3,3,4,5,3,4,2,2,3,2,4,3,4,3,2,4,2,57,40,28,35,24,46,31,215,53
19,0,0,1, ,15,0,5,4,4,4,3,5,3,1,4,1,3,6,4,2,3,3,2,3,4,4,2,3,5,4,4,4,4,2,4,5,3,3,4,2,1,3,4,2,4,3,2,3,4,4,2,2,1,2,1,1,2,2,5,5,2,2,4,2,4,1,4,4,2,2,2,1,4,3,3,3,3,5,2,3,3,42,33,25,25,17,45,32,174,43
23,0,0,4,8,9,0,4,3,5,4,5,4,3,4,4,1,4,3,5,4,4,2,4,4,5,3,2,5,5,5,1,6,3,2,4,3,3,4,4,3,1,4,4,3,1,4,2,5,4,3,3,4,5,3,1,1,3,4,5,4,4,1,4,1,4,1,1,5,2,4,3,4,3,2,3,3,3,4,2,3,2,36,40,29,27,31,45,32,195,43
24,1,0,1,10,15,0,4,4,5,2,2,4,4,3,4,4,3,2,3,5,3,3,4,4,4,3,2,4,3,3,3,3,3,4,3,3,5,5,2,3,3,4,4,3,3,4,3,5,5,4,5,2,3,3,4,3,4,4,3,3,3,4,4,5,3,3,2,3,4,4,3,5,3,4,4,3,2,4,4,3,4,46,41,25,42,25,38,39,218,58
20,1,0,1,4,14,0,6,4,4,3,4,4,2,3,4,5,6,5,3,3,4,2,3,2,4,4,2,4,5,4,2,4,3,5,3,4,2,2,4,2,2,4,3,3,3,2,2,4,4,3,4,2,3,3,1,2,2,1,5,2,4,1,4,1,4,4,1,4,2,3,3,2,5,3,4,4,3,4,2,3,3,31,39,25,32,27,41,36,190,43
22,1,0,2,6,12,0,6,5,3,4,5,6,1,1,1,1,1,6,2,1,1,4,3,4,6,5,1,3,5,5,2,3,2,2,4,5,2,6,4,2,2,2,5,4,4,4,2,1,5,2,2,2,1,3,1,1,4,2,6,1,1,1,5,1,1,1,5,5,2,2,1,1,3,2,3,2,2,4,1,2,2,34,34,18,25,15,54,23,149,31
19,0,1,6,1,12,0,4,3,3,3,4,3,4,3,4,3,4,4,3,4,5,3,4,3,4,4,4,4,5,4,2,3,3,2,4,4,3,4,4,4,4,4,4,4,3,4,3,3,4,3,4,3,2,4,3,3,3,3,5,4,4,3,5,3,4,3,5,4,2,3,4,3,4,3,3,3,3,3,2,2,3,45,40,27,39,24,44,33,208,50
20,1,0,1,3,12,0,5,3,4,4,4,5,2,3,4,2,4,4,2,3,5,3,5,4,4,4,5,5,5,4,2,5,2,2,3,4,5,4,3,4,2,4,4,4,3,4,3,2,4,2,3,2,5,4,3,2,3,4,5,4,4,2,4,1,3,2,3,4,2,3,2,3,3,3,4,3,3,3,2,3,3,38,40,27,36,27,45,32,200,40
23,0,0,2, ,16,0,5,4,4,4,3,5,1,1,5,1,3,6,5,5,5,5,1,5,6,4,1,6,4,6,6,5,4,1,5,4,6,1,6,5,6,4,5,5,3,5,3,4,4,1,2,5,2,2,2,2,3,3,5,6,2,4,4,2,3,3,6,6,3,3,2,1,2,1,2,2,3,5,2,3,1,55,34,35,41,20,53,24,209,49
19,0,0,1,2,12,0,4,4,4,3,4,4,3,2,4,1,4,4,4,3,4,2,3,3,4,3,2,4,4,5,3,4,3,2,4,5,5,3,4,4,3,4,4,3,4,3,3,5,4,3,3,2,3,4,1,3,3,3,5,3,3,3,5,3,3,2,3,4,3,2,3,3,4,2,3,3,3,3,2,2,3,45,35,26,30,25,46,31,192,49
18,0,0,1,0,15,0,6,2,2,2,6,6,2,1,3,1,5,6,1,3,3,1,6,4,3,3,1,3,6,6,1,1,1,1,6,6,6,1,3,5,1,6,5,6,3,2,1,1,6,2,2,1,6,5,1,1,3,3,5,3,2,1,5,1,2,1,2,3,1,1,1,1,3,1,1,2,1,2,2,2,4,35,27,17,16,31,57,20,146,27
20,0,1,1,4,9,0,6,5,4,3,3,4,2,3,3,2,3,3,4,4,3,2,2,3,4,3,3,3,5,6,3,4,3,3,4,5,4,3,3,4,1,3,5,6,3,2,4,3,5,4,3,2,3,6,1,3,6,2,2,3,3,2,3,3,6,1,5,5,2,2,3,4,4,1,3,2,2,1,5,4,2,50,44,21,28,19,46,31,193,50
19,0,0,1,2,12,0,5,6,6,4,6,4,3,4,4,5,5,4,6,4,5,4,5,4,4,6,5,6,4,4,4,4,6,5,3,2,5,4,6,4,5,6,4,6,4,5,4,5,3,5,5,5,5,3,4,5,4,3,3,5,4,3,3,3,4,4,4,5,3,5,3,3,3,3,4,3,4,4,4,4,2,60,48,38,54,37,40,37,274,68
22,0,1,6,6,15,0,6,4,6,1,6,2,2,1,3,1,4,4,4,2,1,1,5,6,3,3,1,4,6,6,2,5,3,1,6,5,4,4,2,2,1,4,6,5,2,2,1,3,6,4,4,1,5,6,4,2,2,1,6,2,2,1,6,2,1,1,3,6,1,2,5,3,1,1,1,1,1,1,1,1,1,39,32,21,16,29,60,17,154,36
18,0,0,1, ,12,0,5,3,4,4,4,4,2,3,4,1,4,3,4,4,4,2,5,2,4,2,3,4,2,4,4,4,4,2,4,4,5,3,4,5,2,4,4,3,3,4,4,4,3,3,3,3,4,2,2,2,4,4,4,4,4,3,4,2,4,2,4,4,5,3,3,4,5,3,3,3,4,5,3,3,3,45,39,28,37,28,38,39,216,51
20,0,0,1,2,15,0,6,4,5,3,5,4,2,2,5,1,5,4,3,4,4,4,5,3,3,3,2,4,4,4,2,3,4,2,4,3,3,4,4,3,3,4,4,3,3,5,2,4,4,3,5,3,5,4,2,3,4,2,5,3,4,2,5,2,5,2,2,5,3,4,3,3,4,3,3,3,3,3,2,2,2,36,43,31,31,32,46,31,204,51
18,1,0,1, ,12,0,4,4,3,5,6,6,1,1,4,4,5,4,5,4,5,4,6,1,1,5,3,4,4,3,2,4,3,5,2,2,5,2,5,2,3,6,2,6,5,5,5,5,3,3,5,3,6,2,3,2,1,4,2,4,4,3,2,2,3,5,6,4,3,5,1,3,6,4,5,5,4,5,5,5,3,43,38,29,50,39,31,46,245,55
20,0,0,2,5,12,0,6,6,4,1,5,5,4,5,6,1,6,6,5,6,6,4,1,6,6,6,1,6,6,6,1,3,5,1,1,6,6,6,6,1,1,5,4,1,1,3,1,1,1,2,1,1,1,4,1,1,6,1,5,6,1,1,6,1,1,1,6,5,1,1,2,1,1,1,6,3,6,3,2,1,2,46,42,36,16,20,49,28,188,44
19,0,0,2, ,12,0,4,4,4,3,3,3,4,5,4,3,4,3,5,5,4,3,5,2,4,3,3,5,3,4,4,4,2,2,5,4,4,3,2,3,3,3,4,4,5,3,5,5,2,2,2,4,4,4,3,5,4,3,4,4,4,4,3,4,4,4,4,4,4,3,4,4,5,3,2,3,5,3,3,4,3,51,43,24,44,27,38,39,228,52
19,0,0,1,4,12,0,5,5,5,4,6,5,2,2,4,2,5,5,5,4,5,4,5,5,4,4,2,2,3,4,2,5,4,2,4,3,3,4,3,1,4,4,5,4,3,3,5,5,5,3,2,5,4,5,2,2,3,3,5,4,5,4,4,2,3,2,3,4,4,4,2,2,2,3,3,2,2,2,2,3,3,40,40,26,43,33,51,26,208,50
24,0,1,1,3,12,0,5,6,6,2,2,6,1,1,5,2,5,5,5,3,4,2,5,5,4,4,5,5,5,5,3,2,2,2,4,2,4,4,4,4,3,4,4,5,5,5,2,5,5,3,5,4,6,3,3,3,5,3,3,3,4,6,2,5,5,6,6,6,2,5,1,2,2,2,3,3,2,4,4,5,1,52,43,31,42,32,48,29,229,57
22,1,1,1,50,9,0,3,4,4,2,2,6,2,2,4,2,1,5,5,1,2,2,2,2,1,2,2,2,2,6,2,1,2,1,5,5,4,5,1,6,2,2,5,1,2,2,1,2,5,1,1,4,1,1,1,1,1,2,5,1,1,1,1,1,1,1,2,6,5,2,1,2,5,1,2,2,2,6,2,6,1,31,20,17,26,12,47,30,136,24
24,0,0,1,6,16,0,4,1,5,1,1,5,1,1,5,1,1,5,4,2,4,4,3,5,4,3,4,5,5,5,1,3,4,1,5,5,1,1,4,1,5,1,6,1,1,2,1,1,6,1,1,5,1,5,1,1,1,1,5,1,1,1,6,1,1,1,1,6,2,2,2,2,2,2,2,1,1,2,2,1,1,19,19,29,28,10,59,18,123,23
20,1,1,6,7,42,0,5,6,5,5,6,3,5,5,4,5,6,5,4,5,3,6,6,5,5,5,2,4,3,6,4,6,4,2,1,2,4,4,6,2,6,6,5,6,4,3,4,2,5,5,6,6,6,4,3,5,4,2,4,5,5,4,4,5,4,5,4,5,4,5,4,2,2,1,6,2,2,3,3,3,2,60,53,29,54,37,47,30,263,70
21,1,0,1,3,12,0,4,4,5,4,6,5,4,3,4,3,4,2,4,4,5,4,5,3,5,5,3,5,3,1,6,5,5,5,3,3,6,5,5,6,5,5,3,1,5,5,4,5,3,2,4,3,5,2,3,5,5,5,5,4,3,3,3,5,4,3,5,3,4,4,2,5,4,6,4,4,4,5,2,4,4,57,47,34,49,34,33,44,265,66
19,0,1,6,0,15,0,3,3,3,3,3,4,5,2,4,5,5,5,5,5,3,4,2,2,2,2,4,4,5,5,5,5,5,3,4,2,2,3,2,2,5,5,3,3,4,3,2,3,2,2,3,2,6,4,5,4,4,4,4,4,4,4,3,4,4,4,4,4,2,5,3,2,5,2,3,4,5,3,3,4,3,45,39,24,47,29,40,37,221,54
19,0,0,1,1,16,0,4,3,4,5,3,3,3,4,2,3,3,3,4,3,3,3,4,3,3,4,3,2,3,3,4,3,3,2,3,3,5,3,4,3,3,2,3,4,3,3,3,3,4,2,3,4,3,3,3,2,3,4,3,4,4,3,2,3,3,4,3,5,4,4,4,4,4,4,4,4,3,4,4,5,2,43,37,21,44,22,35,42,209,45
18,1,0,4,0,30,0,5,6,5,4,5,5,4,4,2,4,4,4,5,5,5,3,5,5,5,5,5,4,4,6,4,5,4,5,4,4,6,4,3,6,5,5,5,5,4,4,3,5,4,6,5,4,3,4,4,6,4,2,4,6,5,3,3,4,3,4,4,5,3,3,2,3,2,1,3,2,3,3,3,4,2,67,49,27,49,30,49,28,250,63
18,0,0,1,1,12,0,5,2,4,4,5,6,2,2,4,4,5,5,4,2,4,4,5,5,6,4,3,4,5,4,2,2,5,4,4,5,5,5,5,3,5,5,5,3,4,4,5,5,5,2,4,4,4,4,3,2,5,2,5,4,4,3,4,2,4,3,2,4,2,2,1,2,2,3,3,2,2,3,2,3,3,39,41,30,46,31,51,26,213,54
21,0,0,1, , ,0,6,6,6,5,6,6,6,1,2,5,6,2,6,5,6,1,6,2,6,5,1,6,6,2,6,3,5,5,1,1,6,6,5,1,4,6,2,5,5,3,5,5,2,6,6,1,2,1,4,6,6,1,2,6,6,5,1,6,5,2,6,2,1,6,1,5,5,5,6,5,5,6,5,6,5,72,54,33,40,37,23,54,290,83
24,0,0,1,120,15,0,1,1,1,1,3,5,1,1,1,1,2,1,1,1,1,1,1,4,2,1,1,3,3,4,1,1,1,1,4,4,4,1,1,2,1,1,3,3,1,1,1,1,1,1,1,1,1,3,1,1,1,1,4,1,1,1,4,1,1,1,1,5,4,3,2,6,3,3,3,4,6,4,3,3,2,20,11,9,16,12,38,39,107,17
28,0,0,1,10,12,0,3,6,5,4,6,4,5,4,5,3,5,4,3,3,5,2,2,3,5,5,3,5,3,4,6,4,5,2,4,4,5,3,5,6,4,5,5,4,5,3,2,2,4,4,4,3,4,4,3,3,4,3,4,5,4,2,5,4,3,2,5,3,4,3,3,3,4,3,3,2,3,3,3,2,4,61,42,33,37,27,44,33,233,54
23,0,0,1,8, ,0,2,3,5,3,5,5,3,2,4,2,3,5,4,3,4,2,5,4,4,2,3,4,5,3,4,3,3,2,4,4,3,3,4,4,2,4,4,3,4,3,2,3,4,3,2,4,4,4,2,3,3,4,5,4,3,2,4,3,3,1,4,5,2,3,2,2,3,4,3,3,3,3,2,3,2,45,30,27,31,27,47,30,190,45
18,0,0,6,0,16,0,3,3,4,4,4,5,2,3,4,4,5,5,5,4,4,4,4,5,5,4,2,4,4,6,3,4,4,2,5,4,5,3,4,4,4,5,5,4,3,4,3,5,5,4,4,4,4,4,3,2,4,3,5,4,3,4,4,2,3,3,5,5,3,3,2,2,2,1,2,2,2,3,2,3,2,48,38,28,43,30,54,23,210,52
23,1,0,2, , ,0,3,3,3,3,3,4,3,2,1,1,4,4,5,5,5,4,3,2,2,1,2,3,3,3,4,4,4,3,3,3,4,4,4,4,4,4,4,4,6,6,4,4,4,3,3,3,3,3,4,4,4,3,3,4,4,4,4,3,3,3,3,3,4,4,3,3,5,4,4,3,3,4,4,3,4,46,39,26,42,25,37,40,218,57
22,0,0,2, , ,0,3,3,3,3,3,3,3,3,3,3,4,4,4,4,4,4,4,4,4,4,4,4,4,4,3,3,3,3,3,3,3,3,3,3,3,4,4,5,4,3,3,2,2,2,2,3,4,4,4,4,5,6,4,4,3,3,3,3,2,1,1,1,3,4,4,3,3,3,4,3,5,3,3,4,6,42,36,23,43,25,36,41,210,45
19,1,0,1,2, ,0,5,2,4,4,6,5,2,2,5,2,5,4,4,3,4,4,6,5,3,4,3,4,2,5,3,4,3,4,3,2,6,3,4,2,5,5,4,5,4,5,4,5,4,5,4,5,4,4,1,3,3,3,5,4,2,5,3,3,3,4,5,4,5,5,2,3,2,2,4,3,3,3,2,4,3,47,37,29,49,36,46,31,229,57
21,0,0,1,6,13,0,3,6,1,1,1,4,2,4,4,1,1,6,6,2,4,1,1,4,4,2,1,6,6,6,6,6,1,1,4,6,6,3,4,2,6,1,6,6,1,4,1,1,6,6,1,1,1,6,1,4,1,1,6,3,1,1,6,3,1,1,3,6,1,1,3,1,3,1,3,1,1,1,1,1,1,57,25,24,18,7,60,17,148,38
21,0,0,6,4,13,0,5,5,4,3,4,4,2,2,4,4,4,4,5,2,5,2,4,4,5,4,4,4,4,5,3,4,4,2,3,3,5,4,4,3,4,4,4,3,3,4,3,3,4,3,3,4,3,4,3,3,3,3,4,4,3,2,4,2,3,2,2,4,3,4,3,3,3,2,4,3,3,3,3,3,3,45,36,29,39,26,44,33,208,47
19,0,0,1,2,15,0,5,4,5,3,5,5,2,2,6,2,5,5,3,2,5,5,5,5,5,2,1,5,5,5,3,4,4,1,5,5,3,3,5,2,4,4,5,3,4,4,4,3,4,3,4,4,5,5,2,2,2,2,2,2,2,2,2,2,2,2,2,2,2,2,2,2,2,2,2,2,3,2,5,5,5,36,32,34,34,29,45,32,197,45
23,1,1,6,8,9,0,3,1,3,1,3,5,1,1,3,1,6,6,1,1,4,2,2,2,3,1,1,4,6,5,1,1,1,1,4,4,2,1,4,1,1,2,5,1,1,4,1,1,4,2,4,1,1,4,1,1,1,1,5,4,2,1,5,1,1,1,2,4,1,3,2,1,5,2,3,2,3,3,2,2,3,21,17,23,14,18,49,28,121,25
24,0,0,1,2,0,0,4,5,5,4,4,4,3,3,4,4,4,3,4,4,4,2,4,4,3,4,2,3,3,4,4,4,5,2,5,4,5,4,5,3,4,3,4,5,5,4,3,3,4,4,5,5,3,4,3,3,4,2,4,4,5,3,3,4,5,4,6,4,4,3,3,4,3,3,2,3,3,3,3,4,3,53,47,30,42,24,43,34,230,57
20,0,0,1,4,12,0,4,1,4,4,4,3,2,3,4,3,5,3,3,3,3,2,5,3,5,3,2,5,4,3,2,2,4,3,3,4,3,4,4,5,5,5,4,2,4,5,5,4,3,4,4,4,3,2,2,4,4,3,3,4,4,2,4,2,4,4,2,4,3,3,4,4,4,4,4,3,4,5,4,3,3,39,39,29,42,29,35,42,220,55
18,0,0,1,0,15,0,6,6,6,4,6,5,5,5,4,1,6,4,5,6,6,1,2,1,6,1,1,6,1,2,3,6,1,1,2,2,6,4,4,5,1,3,2,2,3,3,4,6,5,5,5,1,5,1,1,2,5,2,5,5,6,1,2,2,5,1,6,3,6,5,2,3,6,5,5,5,2,6,2,5,4,58,52,30,25,33,32,45,243,56
19,1,1,6,0,6,0,3,2,4,4,3,3,2,4,3,3,3,3,4,2,3,3,3,4,3,3,2,3,4,4,3,2,3,3,3,3,2,3,3,4,3,3,2,3,3,4,4,5,5,4,3,4,4,3,3,3,3,4,2,3,3,4,3,4,5,4,4,3,3,4,4,4,3,3,4,5,2,4,5,4,4,41,34,23,44,25,35,42,209,53
18,0,0,6, ,16,0,4,6,4,2,6,4,4,1,3,4,6,4,6,4,5,3,6,4,4,4,3,5,4,3,3,4,3,6,3,1,5,2,3,4,6,6,2,4,3,4,3,4,3,5,4,2,6,4,2,3,3,3,4,5,3,3,4,3,2,4,6,6,3,6,3,3,3,4,4,5,4,3,3,3,1,58,34,27,44,40,41,36,239,52
23,0,0,1,7,16,0,5,5,2,2,2,4,1,2,4,1,4,4,3,3,4,2,2,2,2,2,2,2,5,2,2,2,2,2,4,4,3,3,3,3,2,2,4,2,3,2,2,2,2,2,3,2,3,2,3,2,3,2,2,2,2,3,2,2,2,2,3,2,2,3,3,3,5,5,3,3,5,5,5,5,5,32,30,19,27,18,30,47,173,36
23,0,0,4,10,9,0,5,1,2,2,2,6,3,2,2,1,4,5,4,2,5,4,4,5,5,5,1,4,6,4,3,1,4,1,5,5,3,1,4,1,2,2,6,1,3,3,1,4,4,1,2,2,1,4,1,1,2,2,3,4,2,1,6,1,3,1,2,6,1,2,1,2,2,3,2,1,3,3,4,1,1,30,28,24,20,19,54,23,144,32
19,0,0,1,2,16,0,6,2,5,3,4,4,2,4,5,1,2,5,4,4,5,2,2,3,3,4,1,6,5,6,3,2,2,1,5,5,4,4,5,3,1,1,6,3,3,5,2,3,4,2,5,2,2,3,1,2,4,3,4,3,5,2,4,1,4,1,2,5,2,2,3,2,4,1,2,1,3,4,3,3,2,34,45,33,22,16,49,28,178,42
20,1,0,1,4,12,0,4,2,2,4,5,6,4,1,2,1,5,5,4,3,4,5,5,5,4,3,2,3,4,5,5,2,5,2,5,4,2,3,2,4,4,4,5,5,5,4,3,4,5,5,3,4,3,4,2,3,4,5,5,4,2,3,4,2,2,2,3,4,3,3,1,2,2,2,2,2,2,3,2,3,3,47,32,22,40,29,53,24,194,49
19,0,0,1,2,20,0,5,3,3,4,4,3,2,3,4,2,6,4,2,4,4,5,5,5,4,3,4,4,4,4,2,4,3,2,4,3,5,2,4,2,4,5,5,4,2,4,4,2,3,2,4,4,2,6,2,4,5,4,3,3,4,4,3,2,3,2,4,5,3,4,4,3,2,3,3,2,4,1,4,4,2,39,39,26,44,28,45,32,208,48
19,0,0,1,6,13,0,4,2,4,4,4,4,2,2,4,1,4,5,3,3,4,1,2,4,5,4,1,4,5,5,4,4,3,1,5,4,2,4,4,4,1,2,5,4,2,3,3,2,4,3,3,1,1,4,1,1,2,4,5,3,3,1,5,2,3,1,3,6,2,3,3,2,3,2,2,2,3,3,2,2,1,38,34,26,22,18,52,25,163,40
19,1,1,2,3,15,0,4,6,3,1,4,6,4,1,5,1,1,4,1,4,2,1,6,4,4,3,1,4,5,6,4,1,3,1,6,6,5,1,2,3,5,6,4,2,2,3,1,4,5,3,3,1,4,5,1,1,2,1,5,2,1,1,5,2,2,1,5,6,2,1,1,3,3,1,1,3,2,2,2,2,1,42,24,22,18,26,56,21,153,38
21,0,0,1,7,16,0,6,6,6,3,6,6,2,1,6,1,6,6,6,6,6,1,6,1,6,6,1,6,4,1,6,6,6,1,1,3,6,5,6,6,3,6,1,4,4,6,1,1,5,4,4,1,1,1,1,6,6,2,4,6,6,1,4,6,6,1,6,1,3,4,1,1,6,6,6,6,2,6,3,3,6,70,56,42,20,30,31,46,264,70
23,0,0,2,7,12,0,5,2,2,2,4,5,1,1,4,2,4,5,3,2,4,6,4,4,3,4,1,4,6,5,1,1,3,1,5,4,3,1,3,4,1,5,5,4,2,2,1,1,5,2,3,1,2,4,1,1,2,1,5,3,2,1,5,1,2,1,4,6,1,3,2,2,3,2,2,2,2,3,2,2,1,32,25,22,20,23,54,23,145,29
21,0,0,2,6,17,0,5,5,5,4,4,4,3,4,4,2,3,4,4,4,4,4,3,3,4,5,5,4,3,4,5,5,5,4,4,4,4,4,4,3,4,4,4,4,4,3,3,3,4,3,4,4,4,4,4,4,4,3,4,5,4,4,4,4,4,4,4,4,4,3,3,3,4,3,3,3,3,3,3,3,3,52,47,29,49,24,43,34,235,58
18,0,0,1, ,16,0,3,1,2,4,6,6,1,2,3,5,4,3,4,2,3,6,6,5,4,3,2,2,2,6,2,1,4,1,2,3,2,4,2,1,5,4,3,2,2,3,5,3,5,3,3,5,5,5,2,3,2,1,5,2,2,4,6,1,2,4,2,3,5,4,1,4,2,1,5,4,2,2,2,1,4,28,26,19,49,32,49,28,182,47
26,1,0,1,3,18,0,6,6,1,4,5,5,5,5,1,3,5,4,5,4,3,1,6,2,5,4,2,1,4,4,5,6,4,5,4,3,5,4,2,5,3,5,4,6,5,2,4,5,4,6,4,1,4,4,4,5,4,1,4,6,6,4,4,5,5,5,6,4,3,4,2,3,5,3,3,3,3,3,3,3,3,70,53,14,40,34,43,34,245,65
22,1,1,6,4,15,0,4,6,6,5,5,5,6,4,5,5,4,5,5,3,6,1,5,5,6,5,3,6,4,4,6,2,5,4,4,5,6,4,6,6,3,4,4,6,3,5,4,3,4,6,4,4,4,4,4,5,4,3,5,6,4,5,4,4,4,3,6,4,3,2,2,2,2,3,3,3,3,3,2,3,3,74,41,39,47,27,48,29,257,66
19,0,1,6,3,18,0,6,5,4,2,6,5,1,1,2,1,6,6,4,2,3,4,2,6,1,2,2,3,3,5,2,2,1,1,6,4,3,1,2,1,3,4,5,4,3,3,3,2,5,1,1,3,2,3,2,1,4,4,5,4,4,3,5,1,2,1,5,6,4,3,2,1,1,2,1,2,2,4,2,2,1,33,28,18,33,25,57,20,157,27
18,0, ,2, ,12,0,3,2,3,3,2,3,4,3,2,4,3,4,4,3,5,2,3,3,2,4,2,3,1,5,6,4,3,5,3,2,3,1,2,1,3,3,3,2,4,3,4,3,3,5,3,6,3,2,3,3,5,2,3,1,4,5,3,2,4,3,2,3,6,5,4,3,4,2,4,4,4,5,4,4,4,37,38,21,48,22,35,42,208,51
28,0,1,1,5,16,0,4,6,5,4,5,6,1,2,5,1,4,5,5,1,5,1,5,4,3,3,2,5,6,6,3,3,4,2,3,3,5,3,5,3,1,4,4,4,4,4,2,2,5,1,2,2,1,6,1,2,3,6,5,3,3,1,3,1,3,1,1,4,1,4,1,2,3,1,4,3,2,1,2,4,3,38,31,33,25,25,51,26,178,38
18,0,0,1, ,12,0,5,5,5,4,4,4,4,4,4,4,4,4,5,5,4,4,4,3,4,4,4,4,4,4,4,5,5,5,5,5,5,4,3,4,4,5,4,4,4,4,5,5,5,5,5,4,4,4,4,4,4,4,4,4,4,4,4,4,4,4,4,4,3,2,3,3,4,3,2,3,2,3,3,3,3,56,48,29,53,28,45,32,246,64
19,0, ,1,2,15,0,5,4,5,3,5,6,3,4,6,1,5,5,4,3,6,5,6,5,5,5,2,5,6,5,4,4,4,1,4,4,5,5,6,4,1,5,5,6,4,5,2,4,5,5,5,5,6,5,1,4,5,2,4,5,4,2,4,5,5,1,5,4,1,3,1,2,2,2,3,2,2,2,3,3,3,59,49,37,27,34,52,25,231,62
22,0,0,1,9,6,0,2,1,1,3,4,4,1,2,4,1,1,5,4,2,2,1,2,5,2,2,2,2,5,5,2,2,2,1,5,5,4,2,2,2,2,2,5,3,2,2,2,2,5,2,2,2,2,4,2,2,2,2,5,2,2,2,5,2,2,2,2,5,2,2,3,2,2,2,2,2,2,3,2,2,2,29,22,15,24,15,53,24,129,30
23,1,0,1,5,11,0,4,3,5,4,5,6,2,1,5,2,3,4,3,2,2,3,3,4,2,4,2,5,5,3,5,2,3,2,5,4,3,2,2,4,2,2,5,2,3,4,2,3,5,1,3,2,2,3,1,3,2,2,2,3,2,3,2,1,2,2,2,5,2,3,1,3,3,4,2,2,2,4,5,5,2,34,27,26,29,21,44,33,170,36
20,0,0,1, ,5,0,5,1,4,3,6,6,1,5,4,2,4,5,1,5,4,1,4,2,4,4,1,4,6,6,1,4,5,1,5,6,1,2,4,5,4,5,5,5,5,4,2,3,4,1,5,4,2,1,1,4,4,1,6,1,5,1,4,1,4,1,1,6,1,1,1,2,5,1,2,2,3,6,1,3,1,27,48,29,23,25,50,27,179,45
 ,0,0,1,6,15,0,2,6,4,3,4,5,3,3,4,3,4,3,4,2,2,2,6,5,4,3,3,2,4,6,2,1,4,3,4,3,5,3,5,3,3,4,4,2,2,3,2,1,5,4,3,2,2,4,2,4,2,2,5,3,2,2,4,1,2,2,1,5,3,4,2,4,2,1,3,3,2,3,2,3,2,42,25,24,32,25,50,27,175,42
22,0,0,1,6,12,0,5,2,5,5,5,5,1,1,5,3,5,2,4,2,5,1,5,4,4,4,4,6,3,5,4,1,6,2,3,2,1,3,6,1,4,4,2,4,6,6,5,3,2,1,3,3,3,4,4,2,5,2,5,1,4,4,4,1,5,3,2,4,4,5,2,5,3,2,4,5,5,3,2,3,3,28,39,39,44,30,40,37,217,53
20,1,0,6,6,88,0,4,2,3,2,2,6,1,3,5,4,4,6,4,5,5,3,5,6,4,4,2,4,4,6,3,6,3,3,4,4,4,3,5,3,6,5,6,6,4,3,2,3,5,3,4,3,5,4,2,4,4,3,5,3,5,3,5,2,4,2,2,4,3,3,1,1,1,1,3,1,2,3,2,2,3,41,46,28,38,27,57,20,200,52
18,0,0,1, ,15,0,5,3,2,4,4,4,4,2,4,3,3,5,5,3,5,4,3,4,4,4,3,4,5,4,4,4,4,2,4,5,4,4,4,3,3,3,4,4,4,4,2,3,4,4,4,3,4,4,2,4,3,4,4,3,3,4,3,2,4,3,3,3,2,2,3,2,3,3,3,3,3,3,3,4,4,47,40,27,39,22,43,34,209,52
18,0,0,2,0,15,0,6,4,2,5,3,4,2,1,2,2,2,4,3,4,2,3,3,3,3,5,2,2,4,3,3,5,5,3,2,4,4,4,5,4,2,5,4,3,4,3,3,5,2,2,3,3,5,5,1,3,3,4,2,5,4,2,2,3,5,1,3,3,3,3,3,3,4,4,5,3,5,2,5,5,4,42,44,21,34,26,34,43,210,57
19,0,0,1,3,16,0,4,5,6,1,2,6,2,3,6,1,2,2,2,2,6,6,5,5,6,5,1,6,6,6,6,3,6,1,5,5,3,2,6,1,1,3,5,3,5,6,1,1,5,3,4,6,1,6,1,1,3,1,6,6,3,1,6,2,3,1,6,6,1,2,1,5,2,1,2,2,2,1,1,1,1,46,37,42,23,16,58,19,183,43
18,0,1,6,0,15,0,5,6,4,5,5,5,2,2,3,5,5,5,5,2,5,6,2,5,2,3,5,5,1,5,4,3,4,2,5,5,5,4,5,2,6,2,5,4,5,4,5,2,5,5,3,6,2,5,5,2,4,5,5,3,4,6,5,2,4,6,5,5,6,2,2,2,2,2,2,2,2,2,2,2,2,47,39,30,68,20,55,22,226,52
19,0,0,1,5,12,0,4,5,4,5,5,6,2,3,4,3,5,4,6,4,4,3,5,5,4,4,5,4,5,5,3,4,4,3,3,4,6,3,4,3,1,3,3,4,4,3,3,3,4,3,3,2,4,3,1,1,5,3,4,4,3,2,2,3,5,1,6,4,2,3,1,3,2,2,4,4,3,4,3,5,3,50,42,27,34,28,43,34,215,48
20,0,0,1,1.5,15,0,4,4,4,5,4,5,4,2,3,4,3,4,4,4,3,5,5,5,4,4,5,4,3,4,3,4,5,3,4,4,2,4,4,5,3,4,4,3,5,5,4,4,3,4,2,4,3,3,4,5,4,4,3,3,4,6,3,5,3,4,4,4,4,3,2,3,2,3,3,3,4,4,4,4,3,50,40,28,55,26,42,35,234,60
22,0,0,1,6,15,0,5,6,4,3,6,4,6,4,3,5,6,2,5,5,4,2,6,4,6,4,2,4,6,6,6,5,4,5,2,1,6,5,4,6,3,6,3,6,4,2,2,6,4,6,6,2,6,4,2,5,5,3,2,6,6,2,3,6,5,4,6,3,1,6,3,5,3,1,5,4,3,3,5,4,4,76,54,25,36,42,37,40,273,73
19,0,0,1,2,17,0,2,1,5,5,5,5,2,2,4,2,2,6,3,2,4,2,4,5,5,5,3,5,5,5,3,4,4,2,5,4,4,2,5,3,3,5,5,2,5,4,3,3,5,3,4,6,3,4,2,3,4,2,5,3,3,3,5,1,4,3,3,6,2,3,2,1,2,2,2,2,2,3,2,2,1,36,37,31,38,25,56,21,188,47
18,0,1,6,0,15,0,5,4,5,5,5,6,1,2,4,3,4,5,3,3,3,2,4,3,3,4,2,2,6,4,3,1,2,3,5,5,4,1,4,1,4,4,4,3,5,5,1,3,4,2,4,2,1,3,1,2,5,1,4,4,4,1,3,1,5,1,2,5,1,2,1,2,4,3,2,3,3,4,3,4,2,33,39,25,27,23,46,31,178,38
18,1,0,1,0,12,0,5,5,4,5,6,5,5,5,4,4,4,5,6,6,5,5,5,6,4,4,4,5,5,5,6,5,3,3,3,4,5,5,5,5,6,4,4,4,5,5,5,5,4,3,3,3,4,5,6,5,5,5,4,4,4,5,5,6,5,5,4,4,2,3,2,2,1,2,4,3,3,2,3,2,3,62,52,31,58,31,50,27,261,70
18,0,0,1,1,15,0,6,3,4,4,5,4,4,4,5,2,3,5,5,6,5,1,2,3,4,6,2,5,6,5,4,4,5,2,4,3,4,3,5,5,1,5,4,4,3,3,2,3,4,4,5,1,3,4,1,3,3,2,4,4,3,1,4,4,3,1,4,4,1,4,3,2,4,2,3,3,3,3,3,3,3,52,46,32,21,25,45,32,208,56
23,0,0,1, , ,0,5,4,5,1,1,4,3,1,5,1,1,5,5,1,5,1,5,1,4,1,1,5,5,1,2,2,4,1,4,5,4,5,5,5,1,1,5,1,1,5,1,1,5,4,3,1,1,1,1,1,1,1,5,1,1,1,5,1,1,1,1,5,2,2,3,2,6,6,3,2,2,6,2,2,2,36,22,34,14,12,41,36,154,34
25,1,1,6,1,15,0,4,5,5,5,5,4,4,4,5,3,5,4,4,4,5,5,5,4,4,4,4,3,3,3,4,4,4,4,4,4,4,4,3,3,4,4,5,5,5,5,4,4,4,4,4,4,4,5,5,5,5,4,4,4,4,4,4,5,5,5,5,5,4,3,3,3,3,4,3,2,3,2,3,3,2,56,47,30,55,30,46,31,249,61
20,0,0,2,4,16,0,6,2,5,4,4,4,2,4,4,3,5,5,2,5,5,6,4,4,2,4,1,4,3,5,3,2,4,2,5,3,4,2,4,2,6,6,5,1,5,4,3,3,4,3,4,4,4,2,3,3,4,2,4,2,4,4,4,2,5,3,2,6,4,4,3,2,3,2,2,2,3,5,3,3,1,30,45,30,45,30,48,29,209,53
23,0,0,1, , ,0,2,3,4,1,4,4,1,1,6,1,1,6,6,1,5,3,1,3,3,1,1,5,5,3,2,2,3,1,5,4,4,2,4,5,1,1,5,3,5,4,1,1,1,1,1,1,1,4,1,1,1,1,5,1,1,1,5,1,1,1,2,5,2,3,3,1,4,4,2,2,6,3,2,2,2,33,18,31,16,12,46,31,141,23
18,0,0,1,0,12,0,5,5,5,4,4,5,3,2,5,1,4,3,4,3,5,1,3,3,3,3,1,5,4,2,2,3,3,1,1,4,3,3,5,3,1,4,4,4,3,5,2,1,4,3,3,1,3,2,1,3,3,3,4,3,3,1,4,3,3,1,5,4,3,3,2,4,4,5,6,3,3,5,3,3,3,44,34,33,21,22,36,41,195,45
18,0,0,4,2,15,0,4,3,4,3,4,4,4,3,4,4,3,4,4,3,3,4,3,4,4,4,3,3,4,4,4,4,3,4,4,4,4,3,4,3,4,4,4,4,3,4,4,4,3,3,4,4,3,3,3,4,4,4,3,4,3,4,3,4,3,4,3,4,3,3,3,3,3,3,3,3,4,4,4,4,3,48,38,25,48,24,40,37,220,54
21,0,1,6,1,12,0,3,4,2,3,3,4,4,4,4,2,3,3,2,1,1,1,6,6,6,3,3,4,4,5,4,4,4,2,2,3,4,4,4,5,5,6,1,3,3,3,3,4,4,4,2,3,3,4,4,4,2,2,3,3,3,4,5,2,2,3,4,4,3,4,3,4,1,2,5,6,3,3,4,2,3,49,31,22,38,29,41,36,205,53
18,0,0,1,0,15,0,2,3,4,4,5,5,2,3,3,2,4,3,6,5,5,6,4,5,5,5,5,4,4,6,3,5,4,1,5,3,6,3,4,3,5,5,1,4,3,3,4,3,4,5,5,5,4,5,1,3,3,2,4,5,4,4,2,1,4,5,5,5,3,4,2,4,2,1,2,6,3,2,3,5,2,51,42,27,47,29,45,32,228,55
18,1,0,1,0,16,0,4,2,4,3,5,3,1,2,4,4,5,5,5,3,5,3,5,5,3,4,2,4,5,5,2,3,4,4,3,5,4,4,4,2,3,5,4,6,3,3,2,3,5,5,4,2,4,4,2,2,3,2,4,3,4,3,3,2,3,5,3,5,2,2,4,2,2,2,4,3,2,3,3,4,2,40,37,28,37,29,46,31,202,50
19,1,0,1,1,15,0,1,6,1,6,6,1,5,1,1,6,6,1,1,1,6,1,6,5,1,1,1,6,1,6,6,1,1,6,6,1,6,1,6,1,6,6,4,6,5,2,6,6,5,4,3,1,4,6,4,6,5,6,4,5,1,5,2,1,4,6,5,4,6,6,6,6,2,1,1,3,2,1,3,5,3,53,24,23,60,40,44,33,233,57
19,0,0,2,3,13,0,5,3,4,2,2,5,3,4,4,4,4,3,3,4,4,4,3,4,4,4,3,3,3,4,3,4,4,4,4,3,3,3,4,2,3,5,4,5,4,3,2,1,1,1,2,3,3,3,3,3,4,4,4,4,4,4,3,2,3,4,3,4,4,4,2,4,3,3,3,3,6,4,3,4,3,39,41,26,44,22,39,38,210,44
27,0,0,1, , ,0,5,5,4,5,5,5,3,4,4,2,5,3,4,4,4,4,5,3,3,4,2,4,4,4,5,5,3,2,2,2,4,3,5,3,4,5,3,4,4,3,4,3,3,5,4,4,3,4,4,5,3,2,3,4,5,4,2,3,3,1,3,3,3,5,2,4,4,3,5,4,4,3,4,5,4,51,44,27,41,31,35,42,236,61
 ,0, ,1, , ,0,5,5,6,3,5,5,1,3,6,4,5,5,4,4,5,4,5,5,3,5,1,6,3,6,4,5,5,2,6,6,4,4,6,1,6,4,6,4,6,6,5,2,6,4,6,5,2,6,3,1,4,3,5,5,3,4,6,1,6,2,6,4,4,1,2,2,2,1,1,1,1,1,2,1,3,43,51,40,46,24,60,17,221,57
18,0,0,1,0,16,0,4,6,2,2,4,4,2,2,2,3,4,5,3,4,4,1,5,4,4,2,2,4,5,5,5,4,2,5,3,5,3,2,3,3,2,6,5,4,2,2,2,3,2,2,5,1,2,4,3,1,4,2,6,6,2,1,5,1,3,2,6,3,2,2,3,2,3,2,4,2,5,3,1,2,4,46,34,19,28,26,46,31,184,44
19,1,0,1,2,16,0,6,6,6,6,6,4,5,4,4,4,5,5,6,6,6,2,6,4,6,6,1,5,4,6,6,6,4,2,3,4,6,4,4,5,3,6,5,5,4,4,3,4,4,5,6,1,5,4,2,6,6,1,3,6,5,1,1,6,3,1,6,6,3,3,3,2,3,1,4,2,3,3,4,6,1,74,56,33,30,35,45,32,260,68
20,1,0,1,6, ,0,4,2,2,4,5,5,1,2,1,1,5,6,2,3,4,3,4,6,2,4,2,4,5,6,4,4,4,2,5,4,2,3,3,5,1,4,4,4,4,3,3,3,5,3,2,5,3,5,1,2,4,4,5,3,4,4,4,4,4,4,4,4,2,3,2,1,1,1,2,3,2,2,2,3,3,38,38,21,36,27,55,22,182,48
19,0,0,1, , ,0,2,1,5,3,2,5,3,4,5,1,4,5,4,3,5,2,4,5,6,4,4,6,5,4,2,1,4,2,5,6,4,3,5,3,1,4,5,5,2,4,4,2,5,3,2,4,2,3,1,3,2,4,5,4,2,1,4,3,2,1,4,5,2,1,2,2,2,3,2,2,2,4,2,3,2,45,27,34,30,19,51,26,181,43
19,0,0,1,0,15,0,6,5,1,4,6,5,5,1,2,1,4,3,4,4,4,6,6,5,1,3,2,3,1,5,6,2,4,1,6,2,4,3,4,2,5,6,1,3,5,2,6,6,4,2,5,6,6,6,3,2,5,1,4,3,2,6,1,1,5,2,4,4,6,5,2,4,2,2,1,6,3,1,3,6,3,42,41,20,49,39,44,33,224,61
20,1,0,1,4,16,0,5,2,4,4,4,5,2,4,4,1,4,4,3,4,4,2,3,4,4,4,2,4,5,5,3,5,4,1,5,5,3,3,4,4,1,5,5,4,3,4,2,2,4,2,4,2,2,3,1,3,2,1,5,4,4,1,5,3,4,1,4,5,2,2,2,3,3,2,2,2,3,4,2,2,2,41,42,28,21,22,50,27,181,46
18,0,0,2, ,15,0,5,6,6,2,4,4,1,2,6,1,2,6,2,3,6,2,6,1,1,4,1,5,4,6,3,5,4,1,5,4,4,2,3,3,1,4,3,4,3,5,1,4,4,1,2,1,5,4,1,3,4,1,6,3,5,1,5,1,4,1,2,6,3,3,3,1,6,1,2,4,3,3,1,2,1,34,39,35,17,28,50,27,180,38
25,0,0,1,6,12,0,5,5,3,3,5,4,3,4,3,1,5,5,5,3,2,1,5,4,5,5,3,2,4,5,4,5,3,1,2,1,6,4,3,4,5,6,3,6,3,3,2,5,4,6,4,2,2,5,1,3,3,1,5,5,3,2,3,2,3,1,4,5,3,6,3,2,3,2,5,4,3,2,2,4,2,58,42,19,26,34,45,32,211,55
18,0,0,1, , ,0,5,2,4,1,2,1,2,2,5,1,6,5,3,1,4,1,5,5,3,2,3,5,6,5,2,6,5,1,5,6,5,1,5,3,2,5,5,5,4,4,1,3,4,4,3,5,5,4,1,1,5,1,6,5,6,1,2,2,5,1,6,5,1,1,6,2,2,2,2,2,3,3,1,5,2,43,40,32,20,27,47,30,192,41
22,0,0,1,8,12,0,4,3,4,1,1,4,2,1,2,1,1,6,2,2,2,1,1,4,3,2,1,1,6,6,3,3,2,1,5,5,4,1,1,2,1,2,6,5,4,3,1,1,2,1,2,1,1,3,1,1,2,1,6,2,3,1,6,2,4,1,5,6,1,2,3,1,3,1,2,1,5,4,1,1,1,35,28,15,13,9,54,23,123,26
19,0,0,1, ,12,0,2,5,5,2,3,5,4,1,4,2,2,5,5,2,4,3,4,5,4,3,2,4,4,5,4,2,4,2,5,4,5,5,4,5,4,4,4,4,2,4,3,2,5,4,2,2,4,3,2,3,2,3,5,5,2,2,5,4,2,2,5,5,3,3,2,2,2,2,2,3,2,4,2,2,2,57,25,29,32,22,52,25,190,47
 ,1,0,1, , ,0,2,1,2,3,3,2,2,2,1,1,3,2,2,3,3,3,1,2,4,2,1,2,3,3,3,1,1,2,2,2,2,1,1,2,3,2,1,6,2,1,2,1,6,3,3,2,3,5,1,3,2,2,5,4,1,2,5,3,2,1,3,6,4,5,5,5,5,4,5,6,1,2,2,2,1,38,21,11,27,18,39,38,153,35
18,0,0,1,0,13,0,4,6,3,6,4,4,1,4,2,4,4,3,4,4,6,2,5,4,3,4,1,4,5,5,4,4,4,2,2,3,6,3,4,2,2,5,4,6,4,3,6,5,4,6,4,4,4,4,4,5,2,3,4,5,2,1,4,1,3,1,2,3,2,4,3,4,3,2,5,3,3,3,3,3,4,51,38,26,38,31,41,36,220,60
21,0,0,1,8,12,0,6,5,4,3,6,2,3,4,2,4,6,2,2,5,3,1,4,1,4,5,1,3,5,3,5,6,5,5,2,2,2,3,2,5,5,6,3,5,3,3,2,4,2,3,6,3,4,3,4,5,4,2,3,6,5,1,3,4,5,2,4,2,2,5,5,5,6,4,5,4,5,4,4,4,5,53,52,22,35,35,26,51,248,61
27,1,0,1,5,15,0,3,4,4,4,2,3,3,4,3,4,5,2,5,2,2,3,3,4,3,3,3,5,6,3,3,2,4,4,4,3,3,4,3,5,2,5,5,4,4,5,4,4,4,3,5,4,3,5,5,5,5,4,3,3,2,2,4,5,5,5,3,2,1,4,4,5,3,4,3,2,3,2,4,3,5,49,39,26,45,26,39,38,223,57
19,1,0,2,2,17,0,4,3,3,4,4,5,2,3,4,4,4,4,5,3,4,2,4,5,5,3,4,4,5,4,5,4,4,1,5,4,5,3,4,2,4,2,5,5,4,4,2,2,5,4,3,4,2,5,4,2,3,2,5,4,2,1,3,3,2,1,3,5,2,3,2,3,2,3,2,2,2,2,2,4,2,48,34,27,35,21,51,26,191,42
20,0,0,1,2,12,0,5,2,4,6,6,6,5,2,5,4,5,6,5,4,6,1,6,5,6,6,1,6,1,6,6,2,5,1,4,1,5,2,6,1,5,5,4,3,6,5,6,5,5,5,4,1,5,5,1,5,4,3,6,6,2,6,5,1,5,4,2,5,6,6,1,1,2,1,3,3,2,2,1,2,2,52,42,37,45,38,57,20,234,68
22,0,0,1,7,15,0,4,5,5,2,5,5,1,1,4,1,4,5,4,1,4,1,2,3,1,1,1,4,5,4,1,3,1,1,5,4,4,1,4,3,1,4,4,3,1,3,1,1,5,3,3,4,2,1,1,1,1,1,2,3,3,1,5,1,1,1,1,5,2,3,2,2,4,3,2,3,2,6,5,2,2,31,20,25,18,21,44,33,148,26
24,0, ,4,6,11,0,4,2,3,4,2,6,3,4,4,1,3,5,4,3,4,1,4,4,4,3,2,3,5,4,4,2,3,1,5,4,3,2,1,1,1,1,5,4,2,2,2,2,5,3,2,1,1,5,1,4,3,3,6,3,3,1,6,3,3,1,4,5,2,3,1,2,3,3,2,2,2,2,1,1,2,42,31,20,21,16,56,21,151,36
24,0,0,2,8,12,0,4,4,4,3,4,4,3,4,4,2,3,4,3,3,2,4,3,4,4,2,3,4,4,3,4,3,4,4,3,2,3,4,5,3,4,3,3,3,4,3,2,4,3,4,5,4,3,3,4,5,4,4,5,4,3,4,5,4,5,4,4,4,3,5,3,3,3,4,4,4,4,4,2,2,3,48,41,26,45,25,41,36,221,60
18,0,0,2, ,17,0,3,3,3,4,4,4,3,4,6,5,5,5,5,4,4,3,4,2,1,1,1,1,2,2,4,4,3,3,3,3,3,6,6,4,4,4,4,4,4,4,3,3,5,4,4,3,3,4,3,6,5,5,6,1,1,1,1,1,1,1,1,1,5,4,3,2,5,5,4,3,2,3,1,6,6,40,37,27,41,27,37,40,212,54
18,1,1,6,0,8,0,3,3,4,3,4,4,4,3,3,4,3,3,3,4,3,4,3,3,3,3,4,3,4,4,4,3,3,3,3,4,3,4,3,4,4,3,3,4,3,4,3,4,3,3,3,3,3,4,3,3,3,3,3,3,4,4,3,4,4,5,5,5,3,3,3,4,4,3,4,4,4,3,4,4,2,46,37,23,46,23,38,39,214,53
20,0,0,4,4,16,0,5,5,6,3,5,4,5,4,5,2,3,5,4,5,5,3,2,3,5,4,2,4,3,4,2,1,1,1,4,3,3,2,2,4,4,3,5,3,3,3,2,3,4,3,2,3,3,3,1,1,3,2,4,4,2,2,4,2,4,1,2,5,4,4,3,2,4,3,3,2,3,4,3,3,2,43,35,26,30,23,45,32,189,37
20,1,0,4,2,12,0,6,3,3,3,5,4,3,2,3,2,5,3,2,1,4,2,3,4,4,4,1,4,4,5,4,2,3,2,6,3,4,3,3,2,1,3,4,5,4,3,3,2,4,3,3,1,2,4,1,1,1,1,5,2,2,2,2,2,2,1,4,6,3,4,3,4,3,2,1,3,3,3,2,5,1,39,30,23,23,24,47,30,169,36
24,0,0,6,10,12,0,5,5,5,2,5,4,3,3,5,2,4,5,3,5,5,2,2,2,4,4,2,4,4,4,2,3,3,2,4,4,3,4,4,4,4,4,3,3,3,3,2,2,4,3,3,2,4,2,2,2,2,2,4,3,4,2,2,2,4,2,4,4,3,3,3,2,5,3,3,4,3,5,3,5,3,41,40,29,29,24,38,39,202,45
18,0,1, , ,15,0,5,6,6,2,6,5,4,3,6,1,4,6,6,3,6,5,4,3,6,6,2,6,5,6,5,5,5,1,5,6,6,2,6,3,4,5,5,4,5,6,3,5,4,5,5,4,1,2,3,3,4,3,6,6,5,1,5,2,4,1,4,6,2,1,2,1,4,1,2,2,3,5,1,2,1,60,47,41,32,26,53,24,230,56
20,0,0,2,4,18,0,6,1,3,1,5,6,1,1,4,1,2,6,5,3,1,1,5,1,1,1,1,5,6,5,1,1,1,4,6,6,5,4,3,1,1,3,6,1,1,1,1,1,6,1,2,1,4,2,1,2,2,1,6,1,1,1,6,1,2,1,1,5,1,1,1,1,6,2,1,1,1,5,1,1,2,22,24,18,16,21,55,22,123,27
23,0,0,2,123,15,0,3,3,4,2,3,3,3,3,3,4,3,3,3,3,3,3,3,3,3,3,3,4,3,5,3,3,3,3,3,3,4,2,3,3,3,3,3,3,3,3,3,3,3,3,3,3,4,3,3,4,3,3,3,5,5,4,4,5,5,4,4,4,4,4,4,4,4,2,4,4,4,4,4,3,3,46,36,23,42,23,37,40,210,51
18,1,0,1,.5,16,0,6,6,6,4,6,4,3,1,6,1,6,5,6,3,6,3,4,6,5,6,1,6,3,6,6,1,6,3,6,4,5,2,6,6,5,6,4,5,2,6,3,2,2,6,5,4,4,5,3,2,1,5,6,6,1,3,4,2,1,3,4,6,4,3,3,2,1,1,1,3,5,2,1,3,1,62,29,42,42,31,54,23,229,54
18,1,0,2,0,12,0,5,4,3,4,3,3,3,4,2,4,3,4,4,2,4,3,5,4,3,5,4,3,2,3,4,3,5,4,4,3,2,4,3,3,4,3,2,4,4,5,4,5,5,6,4,3,4,6,3,3,2,3,4,4,3,6,4,4,3,1,2,1,5,4,4,3,3,4,3,5,2,1,3,3,6,46,39,25,48,27,40,37,222,59
18,0,0,1,1,4,0,4,4,3,3,3,3,3,3,3,4,4,4,4,4,4,4,3,4,3,3,4,4,4,3,3,3,3,3,3,4,4,4,3,3,3,3,4,4,4,4,4,3,3,3,4,3,3,3,3,4,4,3,3,3,3,4,3,4,3,4,4,3,3,3,4,3,3,4,4,3,4,4,4,4,4,46,39,24,45,22,36,41,217,53
34,0,0,1,8,10,0,6,2,1,2,5,5,4,1,2,1,2,5,5,2,5,2,3,5,5,2,1,2,6,5,1,1,1,1,6,5,1,2,2,4,1,2,4,2,3,3,2,3,5,1,3,3,1,1,1,1,1,1,3,2,1,1,6,1,1,1,1,6,1,2,2,2,2,2,1,3,2,6,4,1,1,30,23,16,18,18,51,26,131,24
18,1,0,1,1, ,0,5,2,3,1,4,4,1,1,3,1,3,4,3,1,4,2,5,3,1,2,1,1,6,4,1,2,1,1,6,3,5,2,1,2,1,6,4,1,4,4,1,4,6,2,4,2,4,2,1,1,1,1,6,1,1,1,6,1,1,1,1,4,1,4,3,3,4,3,1,3,1,5,1,1,3,22,24,17,15,30,49,28,136,28
18,0,0,1,0,13,0,5,5,5,3,5,4,5,5,5,4,3,4,5,5,5,3,4,4,5,5,3,5,4,3,4,4,5,3,3,4,5,5,5,5,3,5,4,5,5,5,4,3,3,5,5,5,3,3,3,4,4,3,4,5,5,3,5,5,5,3,5,4,3,3,3,3,3,4,4,3,4,4,3,2,3,63,53,35,43,26,41,36,256,67
18,0,0,1,0,15,0,6,3,4,6,2,5,2,2,4,1,4,4,4,3,6,2,3,3,4,4,5,5,4,4,2,5,3,1,3,4,4,2,4,4,3,2,5,5,4,3,4,2,3,4,4,2,2,3,1,2,3,4,4,3,3,2,5,2,3,1,1,6,3,3,2,3,4,3,4,2,4,4,3,2,1,40,39,29,35,18,45,32,193,43
19,0,0,2,2,19,0,1,5,3,4,5,5,3,3,5,3,6,5,6,4,2,2,5,1,6,5,2,5,5,6,6,2,4,1,4,2,6,6,5,5,6,5,1,3,5,5,2,4,5,3,5,3,6,2,2,4,5,2,3,5,2,2,6,2,6,2,5,5,2,5,2,2,6,1,3,6,2,5,4,1,2,59,44,29,33,36,43,34,235,61
20,1,0,1,4,17,0,5,2,3,4,5,6,1,3,4,2,4,5,3,4,4,5,6,4,1,4,1,4,4,6,4,3,5,1,5,4,3,3,4,4,3,5,4,4,2,4,4,2,4,3,4,6,2,4,2,1,3,4,3,4,3,4,5,1,3,3,6,4,3,3,1,2,3,1,2,3,3,3,4,2,3,37,37,28,42,27,50,27,198,49
20,0,0,1,2,13,0,4,6,5,3,5,4,1,3,5,3,5,5,6,3,5,5,6,4,2,3,2,6,6,5,3,2,4,1,4,5,6,3,4,2,4,5,4,4,4,5,2,3,3,3,2,4,4,4,3,2,1,1,5,2,2,1,5,1,1,1,1,4,1,2,3,2,3,2,3,3,4,3,2,2,3,39,28,34,31,30,47,30,192,40
20,0,0,1,4,13,0,2,2,6,2,2,6,2,2,5,3,5,5,5,2,5,2,6,4,5,5,2,5,5,5,5,2,2,2,6,6,6,2,5,2,2,2,5,5,5,5,2,2,6,6,2,2,2,4,2,2,2,5,5,5,2,2,6,1,1,1,1,6,2,1,1,2,3,2,1,2,1,3,2,1,1,47,27,33,29,20,58,19,175,37
18,0,0,1,0,12,0,6,6,6,2,3,4,6,4,5,1,2,5,6,6,5,5,1,1,4,5,2,6,5,6,6,5,5,1,4,5,5,3,6,6,1,1,4,1,4,5,1,1,3,1,4,4,1,1,1,2,4,1,6,6,4,1,3,1,2,1,3,6,2,2,3,2,6,1,3,3,4,6,1,4,1,53,47,38,23,11,43,34,206,43
 ,1,0,1,6,10,0,1,1,1,1,1,1,1,1,1,1,1,6,6,6,6,1,1,1,1,1,1,1,1,1,1,1,1,1,1,6,4,3,3,4,3,1,1,4,4,4,1,1,1,1,1,1,2,5,3,3,4,3,1,1,1,1,1,1,1,1,1,1,6,1,6,1,6,6,6,6,6,2,6,6,6,29,24,17,24,8,20,57,159,31
18,0,0,1,0, ,0,4,2,4,4,4,6,2,2,3,1,5,6,3,2,4,3,3,5,3,2,1,2,5,6,2,4,2,1,6,4,2,2,2,4,1,3,6,4,3,1,2,3,5,2,3,4,4,4,1,2,2,1,4,2,4,2,5,1,2,1,2,6,2,3,1,1,2,1,1,1,2,3,3,2,1,31,30,18,24,25,59,18,146,31
20,0,1,1,5,28,0,6,4,5,6,6,4,1,1,4,4,3,3,2,3,4,1,1,4,4,4,4,4,3,5,5,2,4,3,3,4,5,2,4,2,4,2,4,3,3,4,6,1,4,2,3,2,4,3,3,2,3,2,5,4,1,4,4,2,2,2,2,6,4,3,3,4,3,2,4,3,3,4,2,3,1,38,30,29,45,20,45,32,194,46
24,1,0,1, ,15,0,4,4,4,2,3,5,3,2,3,1,3,3,5,3,4,2,4,4,5,3,2,4,4,4,5,3,4,1,3,4,5,3,4,5,2,3,4,5,4,4,2,2,3,4,4,3,3,4,2,2,3,3,4,5,4,2,4,3,3,1,5,3,3,3,2,4,3,3,4,3,4,3,3,3,4,56,36,27,26,21,41,36,202,48
22,0,0,1,8,2,0,5,6,5,4,4,4,2,4,3,4,5,3,5,4,5,4,2,4,4,5,2,4,5,4,3,6,4,3,2,3,4,2,4,4,4,4,4,4,2,4,3,2,3,3,4,3,3,4,3,4,3,2,5,5,4,2,4,2,4,1,5,4,2,4,3,4,3,3,5,3,4,3,2,3,3,51,43,29,37,24,41,36,220,50
33,0,0,1,5,6,0,4,6,5,4,4,5,3,3,5,4,4,5,5,4,5,2,3,4,5,6,4,6,4,5,5,3,6,1,5,5,5,2,5,5,5,3,5,6,4,5,4,3,4,3,4,4,2,2,3,4,4,4,5,5,4,3,5,5,3,3,6,5,3,2,2,2,3,2,2,2,3,5,2,2,2,63,41,37,44,21,50,27,233,56
21,1,0,1,3,16,0,4,3,3,4,3,4,3,4,2,3,2,3,3,3,4,5,5,5,5,4,3,2,3,3,3,4,4,3,4,5,5,5,4,4,5,3,5,4,3,5,5,5,5,5,4,4,4,4,4,4,5,5,5,5,5,4,3,3,4,5,5,4,4,2,3,4,2,4,3,2,2,3,2,4,3,52,45,24,54,24,45,32,231,59
21,0,1,1,4,6,0,4,2,3,5,5,3,1,3,3,1,4,4,4,4,4,2,3,4,3,3,2,4,2,4,4,4,3,1,5,5,4,3,3,4,1,4,5,4,4,3,5,3,3,3,2,2,2,3,1,2,3,4,5,5,3,4,5,2,3,1,3,4,5,2,4,3,3,3,2,2,4,4,2,2,3,41,36,23,34,23,45,32,189,47
20,0,0,1,2,13,0,4,2,4,4,4,4,3,3,4,3,5,4,4,3,5,3,5,4,4,4,3,4,5,4,2,3,2,1,4,4,3,2,4,1,2,4,5,3,2,3,3,1,4,3,2,2,4,3,1,2,2,2,5,3,2,2,5,2,2,2,3,5,2,3,3,3,3,3,3,2,3,4,2,2,2,35,29,26,30,26,47,30,176,37
19,1,0,1,0,5,0,5,2,3,4,4,5,1,2,5,4,5,4,3,2,3,4,4,5,1,3,2,5,3,6,2,4,3,3,4,3,3,3,3,2,6,4,5,1,5,3,4,3,4,3,4,5,3,5,4,1,2,3,5,3,3,3,4,1,3,4,2,5,4,4,2,3,2,1,3,2,3,2,2,3,2,25,36,25,50,27,52,25,188,42
23,0,0,1,8,13,0,4,5,2,4,5,6,3,1,3,4,5,5,4,2,2,1,5,3,5,4,1,6,6,4,3,4,4,3,4,6,3,3,4,4,4,4,3,4,4,4,4,5,5,4,3,2,5,3,2,5,3,2,5,3,3,2,3,3,2,4,4,4,1,1,1,2,4,3,3,4,2,4,2,4,3,50,33,25,34,30,45,32,204,51
18,0,0,1,0,15,0,3,3,4,2,6,4,2,5,5,4,6,4,5,3,4,2,5,3,4,3,1,5,5,3,4,4,3,2,4,5,5,2,5,2,1,6,3,5,4,4,2,5,4,5,3,1,6,4,1,2,2,2,4,4,3,1,4,3,3,1,4,2,2,2,3,3,4,4,3,4,3,3,3,3,5,48,35,30,22,36,39,38,209,50
18,0,0,1,1, ,0,5,4,4,5,4,4,2,3,3,2,3,4,4,4,4,3,3,3,4,4,3,4,3,5,4,5,4,4,4,3,5,4,4,3,3,4,4,4,4,3,5,4,4,4,4,3,4,4,4,5,4,2,4,4,3,5,4,2,3,3,3,3,4,4,3,3,4,2,3,3,3,3,3,3,4,48,43,26,46,26,43,34,223,59
23,0,0,1,8,15,0,5,5,5,3,5,4,4,3,4,2,5,4,4,4,4,4,3,4,3,4,2,4,5,4,4,4,4,3,4,5,3,3,3,3,2,4,4,5,4,3,3,3,3,4,4,4,4,4,3,3,4,3,3,4,4,3,4,3,3,3,4,3,2,2,3,3,3,3,3,3,4,3,4,3,4,49,42,27,37,26,41,36,217,51
19,0,1,1,0,13,0,5,4,3,1,6,5,5,2,4,5,6,3,5,3,4,1,6,2,6,3,2,4,5,2,5,1,2,6,1,1,4,4,4,3,2,6,1,3,4,4,1,6,2,5,3,2,6,2,3,2,3,2,4,6,2,2,2,3,4,4,5,2,2,6,2,4,5,5,6,6,5,5,3,5,5,56,34,25,33,42,26,51,241,56
21,0,0,4,5,12,0,3,3,3,3,3,4,4,4,4,4,4,4,4,3,3,3,3,3,3,3,3,3,3,4,4,4,4,4,4,4,4,4,4,4,3,3,3,3,3,3,3,3,3,3,3,4,4,4,4,4,4,4,4,4,4,4,4,4,4,3,3,3,4,3,3,3,4,3,3,4,4,3,3,3,4,47,39,24,46,23,40,37,216,53
19,0,0,1,0,15,0,4,1,3,2,5,5,2,2,2,1,2,5,2,2,2,3,4,6,1,3,1,2,5,6,1,4,2,1,4,4,2,3,2,1,4,4,4,1,2,2,1,3,6,1,2,4,4,6,1,3,3,1,4,2,2,1,4,1,2,1,2,4,2,3,2,2,1,1,3,3,1,1,3,3,3,20,29,15,23,25,54,23,135,31
21,0,0,1,4,12,0,4,1,5,2,6,6,2,2,3,2,6,4,5,2,4,3,6,4,5,4,4,4,5,5,4,4,4,2,4,1,4,3,6,4,4,6,5,4,5,4,2,5,4,4,4,4,4,4,2,2,4,3,4,3,4,2,5,3,4,2,4,5,2,6,1,3,3,2,3,2,3,3,3,2,2,45,40,30,34,39,50,27,215,54
21,0,0,1,9,15,0,5,4,2,3,4,4,2,3,2,1,2,5,2,3,3,2,4,5,3,3,2,3,5,5,2,4,3,3,4,4,3,3,3,3,2,2,5,4,3,3,2,2,5,3,3,4,3,4,2,3,3,2,5,3,3,2,4,2,3,2,2,5,2,3,3,2,2,2,3,2,2,3,2,3,2,36,36,19,29,20,51,26,166,39
19,0,0,1,2,15,0,4,5,3,2,4,4,4,2,3,1,4,2,4,3,4,2,4,3,4,4,3,4,4,5,5,4,4,2,4,3,5,3,4,4,3,4,3,3,3,3,3,3,4,5,3,2,4,3,2,4,3,2,4,5,3,3,3,4,3,3,5,4,3,4,3,5,4,2,3,4,3,4,3,4,3,57,35,25,31,27,39,38,213,54
18,0,1, , ,5,0,4,2,5,4,5,2,1,4,5,5,2,5,4,2,2,4,4,2,1,1,3,3,4,1,1,2,1,2,6,6,2,2,3,1,2,1,3,1,1,3,2,4,3,1,1,1,1,5,2,1,2,4,6,5,2,2,5,1,3,2,1,6,3,1,5,2,5,6,1,4,4,2,1,2,1,22,24,22,36,18,44,33,155,26
19,0,1,6,2,16,0,4,6,6,5,6,1,3,2,6,6,6,6,4,2,6,3,3,6,6,6,1,6,6,6,5,6,6,1,6,1,1,1,6,5,1,6,6,6,1,6,2,6,6,6,6,1,6,6,1,6,2,2,6,6,2,1,5,5,2,1,5,6,1,6,6,1,1,1,1,1,1,1,1,2,1,64,34,42,26,39,60,17,222,61
27,1,0,1,4,12,0,2,1,2,2,4,5,1,1,5,2,4,5,1,3,4,3,4,4,1,2,4,4,4,6,2,3,2,5,6,6,4,1,5,2,4,4,6,5,4,3,2,3,4,2,2,2,4,3,1,2,1,2,5,1,3,2,5,1,1,2,2,6,3,1,2,2,3,1,1,1,3,4,2,2,1,25,23,25,34,24,55,22,153,33
18,0,1, ,1,9,0,4,1,3,2,5,6,1,1,6,1,4,6,2,2,5,1,5,5,1,2,1,5,6,6,1,5,2,1,6,5,4,1,5,1,1,5,6,1,2,1,1,2,6,1,5,1,6,6,1,1,3,1,6,1,1,1,6,1,2,1,1,6,1,2,1,1,2,1,1,1,1,1,1,1,1,17,28,27,14,29,65,12,127,31
32,1,0,1,6,15,0,2,6,3,5,4,5,5,2,3,6,3,4,3,2,5,1,4,3,3,3,4,2,4,3,4,2,3,4,2,4,3,4,3,3,2,3,4,5,3,4,3,4,2,5,4,3,3,4,2,3,4,3,3,2,4,3,2,3,3,2,4,3,3,3,2,3,4,4,5,3,5,3,4,5,4,49,33,23,41,24,35,42,212,52
20,0, ,2,3,12,0,6,5,3,4,5,4,6,2,3,4,4,6,1,6,3,4,4,2,4,5,2,4,4,5,5,4,2,3,4,5,2,4,3,5,5,3,4,4,6,3,2,2,5,4,5,2,2,2,2,4,4,2,6,4,3,2,4,3,3,1,5,6,3,2,3,1,5,2,3,3,2,5,1,3,1,52,48,21,36,22,48,29,208,51
19,0,1, ,3,16,0,5,1,4,2,5,5,1,2,5,1,6,5,3,3,5,2,2,1,5,4,1,5,5,2,2,3,4,4,6,3,2,3,4,3,4,4,5,5,3,3,2,1,2,2,1,2,5,2,1,3,3,2,5,4,1,1,5,2,2,1,4,2,2,4,2,2,6,5,1,2,5,5,2,2,5,37,30,30,25,27,40,37,186,35
18,0,0,1,0,10,0,4,5,4,4,5,6,4,2,3,5,5,5,5,3,3,3,5,4,5,3,2,3,4,4,4,2,2,3,4,2,2,2,3,5,4,6,3,4,3,3,4,3,4,5,5,6,5,4,1,3,5,2,4,5,4,5,3,2,4,2,4,2,3,5,1,2,3,3,3,4,3,3,3,4,5,53,37,21,44,34,43,34,223,54
18,0,0,1, , ,0,3,2,3,4,5,6,3,1,4,4,6,5,6,3,4,5,5,5,3,4,4,3,4,4,3,2,4,2,5,3,5,3,3,2,6,5,3,4,5,3,4,3,4,4,5,6,4,3,3,3,4,4,4,4,3,4,3,2,3,3,4,3,3,4,1,2,2,3,2,4,3,4,3,4,4,45,36,24,52,32,45,32,221,51
18,1,1, ,0, ,0,5,2,5,2,4,4,1,1,4,1,1,6,6,5,1,5,1,4,1,1,4,6,5,6,5,4,3,1,6,6,6,2,5,2,6,5,6,2,1,2,1,1,1,1,2,4,4,1,6,4,2,1,1,1,2,1,1,1,2,3,3,6,2,1,3,1,3,1,1,1,6,6,6,6,1,35,27,26,37,17,42,35,177,39
18,0,1,6, , ,0,5,4,4,3,2,6,6,4,4,1,5,5,6,4,5,5,5,5,6,5,4,5,6,5,5,3,5,2,3,3,6,4,2,5,1,4,4,5,3,3,1,3,4,4,3,5,3,3,2,4,3,2,4,5,3,1,4,5,4,2,6,4,1,4,1,2,2,2,4,3,3,4,3,3,3,67,41,28,30,26,47,30,222,53
21,0,0,1,5,13,0,3,3,2,2,3,4,3,3,3,3,4,3,3,3,2,2,3,3,2,3,3,3,4,3,3,3,3,2,2,3,4,3,3,4,3,3,2,3,3,3,2,3,2,3,3,3,3,2,3,3,3,3,2,3,3,2,3,3,3,3,4,3,3,4,3,4,4,4,5,5,5,5,5,4,4,41,33,19,34,23,29,48,198,45
20,0,1,6, ,15,0,5,6,6,4,4,4,1,1,6,4,3,5,5,5,5,2,3,3,6,4,1,6,3,4,6,5,4,1,5,5,5,2,6,5,4,2,5,1,4,5,3,3,4,3,4,1,2,2,2,5,4,1,4,6,3,3,6,1,2,2,5,5,4,2,3,2,4,3,2,2,3,5,3,1,2,55,39,38,32,19,47,30,213,51
23,1,0,1,8,15,0,6,2,4,4,5,6,1,2,4,4,6,4,3,4,4,2,4,4,1,3,1,3,5,5,2,6,2,5,2,3,5,4,4,2,4,4,4,5,4,3,4,4,4,3,3,3,5,4,2,1,3,2,3,3,4,2,4,1,4,2,2,5,2,4,1,3,3,2,5,3,3,3,4,3,2,31,43,24,37,32,45,32,199,47
19,0,0,4,2,15,0,6,6,5,3,3,5,2,1,5,1,2,5,5,1,2,2,2,5,5,5,1,4,5,6,5,2,4,1,6,6,4,2,4,4,5,2,6,4,3,4,5,3,6,2,2,2,1,6,4,2,2,2,6,4,3,2,6,3,3,1,5,6,2,1,2,2,2,1,1,1,1,1,1,1,1,51,30,28,31,14,63,14,168,41
20,0,0,1,4,16,0,5,2,3,2,5,5,3,2,5,2,5,5,3,5,2,2,5,5,3,2,2,3,5,5,4,5,4,2,5,5,4,2,2,4,2,5,5,5,2,2,3,3,5,4,4,2,4,5,2,2,2,2,4,5,2,2,3,2,2,2,2,5,2,2,2,2,2,2,2,2,2,2,3,4,2,43,33,21,27,29,52,25,178,46
18,0,0,1,0,30,0,5,2,1,2,5,3,1,1,4,1,5,6,2,3,2,5,6,5,4,2,1,3,5,6,1,2,2,2,6,4,2,1,3,2,1,5,3,2,5,2,1,3,6,1,4,1,3,6,1,4,4,1,6,1,3,1,6,1,3,1,1,5,2,3,4,1,2,1,1,4,1,1,1,1,2,24,33,17,20,30,58,19,143,34
23,1,1, ,9,15,0,4,4,4,3,3,4,3,3,3,3,3,3,3,4,5,4,4,2,4,2,3,5,4,3,3,4,4,3,5,4,4,4,5,3,3,3,4,3,4,5,4,3,3,4,4,3,3,4,5,4,3,4,2,3,3,4,3,3,4,4,4,3,3,3,3,4,5,4,2,3,4,3,5,4,4,45,39,31,46,22,36,41,224,55
18,0,1,6, ,16,0,4,5,4,2,3,4,4,4,5,2,2,5,4,3,5,2,2,4,5,5,3,4,5,5,4,4,3,2,4,6,6,5,4,4,2,2,4,4,4,4,3,2,3,4,5,3,2,4,2,4,4,3,4,5,3,1,5,3,4,2,5,6,2,1,3,2,3,2,3,3,4,3,3,2,1,57,45,29,29,14,48,29,203,50
23,0,0,4,4,13,0,5,2,4,4,4,5,2,4,6,4,5,4,2,4,5,5,5,4,4,4,4,5,4,5,3,4,4,6,2,4,6,4,5,3,4,5,5,2,4,6,5,6,4,4,4,2,4,3,6,4,4,4,4,5,3,4,3,2,4,4,4,5,3,3,2,3,3,2,5,2,3,4,3,4,2,43,44,35,55,32,44,33,242,63
18,0,0,1,0,15,0,4,1,5,4,6,6,1,2,4,1,5,6,1,4,4,4,2,2,4,2,1,5,5,6,2,1,4,1,5,5,1,2,4,4,2,5,5,2,5,4,4,3,5,2,4,4,3,4,1,1,3,4,6,4,2,2,6,1,4,1,1,6,2,2,1,1,5,1,2,2,2,3,1,1,1,25,33,30,31,26,57,20,165,44
18,1,0,1,0,15,0,5,4,4,4,5,5,3,1,5,1,4,4,4,3,4,3,4,4,4,3,1,4,4,4,3,3,2,1,5,5,4,3,4,2,1,3,4,4,3,3,3,3,4,3,4,4,4,4,1,1,3,4,4,5,3,2,4,4,3,1,5,5,3,2,2,3,3,3,2,3,3,3,3,3,2,46,34,26,29,25,47,30,190,43
18,0,0,1,0,12,0,5,5,5,5,5,5,2,2,4,4,4,4,5,5,5,4,4,5,3,4,1,4,5,5,4,4,4,4,4,3,6,3,4,2,2,4,4,5,4,4,4,3,4,5,5,5,5,4,2,1,4,2,6,4,4,3,4,2,4,3,4,4,2,4,2,3,2,2,3,3,3,3,1,3,3,48,44,30,41,29,49,28,220,54
20,0,0,1,2,12,0,5,6,5,5,4,5,1,3,5,2,5,5,4,4,5,2,4,4,4,5,2,5,4,5,5,5,5,4,4,4,5,3,5,4,4,5,4,2,4,4,5,3,4,4,5,4,4,3,2,3,4,4,5,5,5,5,4,2,4,4,4,5,3,3,2,2,3,2,3,3,3,4,2,3,2,49,47,34,46,28,48,29,233,61
20,0,1, ,5,15,0,1,2,4,3,4,4,3,2,4,1,4,5,5,2,5,3,5,3,4,3,1,5,6,4,2,2,2,1,6,5,4,3,4,5,1,3,4,4,3,5,2,1,4,2,2,3,3,4,1,2,2,2,5,4,3,2,4,2,3,1,6,5,1,2,3,2,4,3,1,3,3,3,2,3,2,45,26,29,22,22,48,29,173,33
18,1,0,1, ,15,0,5,5,2,2,3,4,6,6,3,2,5,2,5,4,2,1,2,2,6,4,1,3,5,3,4,3,3,1,2,4,4,3,2,2,2,3,3,3,5,1,2,2,4,3,3,1,5,1,1,6,3,3,3,5,5,2,1,6,5,3,3,3,2,3,3,5,5,4,5,4,3,6,4,6,4,58,46,16,23,23,28,49,215,53
18,0,0,1,2,15,0,5,4,5,5,5,4,2,1,5,2,6,5,4,5,6,2,4,4,5,5,4,6,5,6,4,2,5,5,3,4,4,4,6,5,1,4,4,2,5,4,4,3,5,4,5,4,5,5,1,2,4,2,5,4,3,2,1,1,4,2,3,4,2,3,3,2,3,1,4,3,2,2,2,6,3,44,43,37,36,30,46,31,221,57
20,0,0,1,4,18,0,4,4,4,3,4,5,1,4,5,3,4,5,4,4,5,4,4,4,4,3,3,4,5,5,3,4,3,3,5,4,3,3,3,4,3,4,5,3,4,4,2,3,4,4,3,3,3,4,3,3,4,3,5,3,4,2,5,2,4,3,3,5,2,3,2,2,3,2,2,2,3,3,2,2,2,41,41,28,37,25,52,25,197,45
19,0,0,6,0,15,0,5,6,4,3,4,4,4,3,4,4,5,3,4,3,4,3,4,4,4,4,3,4,4,4,4,4,4,2,3,3,6,4,5,4,4,5,4,4,4,4,3,4,3,4,4,4,4,3,4,4,4,3,4,6,3,2,3,3,4,3,4,3,3,4,3,4,3,3,4,3,4,4,3,4,4,57,42,29,41,30,38,39,238,57
19,0,1,1,2,15,0,6,5,3,3,4,5,4,5,3,4,4,3,4,3,4,2,5,5,4,3,4,4,5,6,5,6,3,4,4,5,6,4,3,3,3,4,4,5,3,3,2,4,6,6,4,4,4,6,3,4,4,3,5,5,4,3,5,3,4,3,4,6,2,2,2,4,2,1,3,3,1,1,2,2,1,58,46,23,40,27,55,22,216,55
22,1,0,4,3,12,0,5,3,4,2,3,4,2,3,3,2,2,5,3,4,2,3,4,3,3,3,2,3,4,3,1,3,2,1,4,4,3,2,3,4,1,3,4,2,3,3,2,3,3,2,3,2,3,2,1,3,3,3,5,2,4,2,4,3,4,1,3,4,3,3,3,2,4,4,3,3,4,5,2,3,3,34,37,20,25,21,41,36,173,40
19,0,0,1,1,15,0,5,6,4,1,2,4,4,5,4,1,1,5,3,4,4,4,2,2,5,5,2,4,6,5,4,6,4,1,5,5,3,6,4,4,1,1,6,4,3,3,1,3,6,2,3,4,2,3,1,4,3,2,5,4,2,1,6,3,3,1,5,6,1,2,3,2,5,2,2,1,1,4,2,1,1,51,45,27,21,13,53,24,181,45
19,0,0,1,0,15,0,6,3,2,1,5,4,2,4,3,1,3,4,6,5,4,1,1,2,4,4,2,4,6,1,3,6,4,1,3,5,6,4,4,4,6,5,6,4,3,4,1,2,3,4,5,2,4,1,2,2,2,2,5,5,4,1,5,1,3,1,4,6,1,2,3,3,5,6,4,1,4,6,2,2,1,48,46,25,22,22,40,37,200,48
21,0,0,1,4,16,0,1,3,2,4,3,5,4,3,3,4,2,2,3,4,3,4,4,3,2,3,3,4,4,3,3,4,5,5,4,4,3,2,3,3,4,4,3,5,4,4,3,3,4,4,3,2,2,3,4,4,5,2,4,3,3,5,4,3,3,4,5,5,3,3,2,5,4,4,3,4,3,4,3,3,2,45,35,24,47,21,40,37,209,52
18,0,0,1,1,24,0,6,6,6,6,6,6,5,5,5,4,6,6,5,4,5,5,5,5,5,6,6,6,5,5,5,5,5,3,3,4,4,4,4,6,4,4,4,4,4,5,5,5,5,5,5,6,6,6,6,6,6,6,6,6,5,5,5,6,5,5,5,5,2,3,1,1,2,2,4,3,2,1,1,2,2,68,55,36,63,35,56,21,278,72
20,0,0,1,4,17,0,5,4,5,2,5,5,5,3,5,1,5,5,3,2,5,3,4,4,5,5,1,5,5,5,3,2,4,1,6,5,4,2,5,4,5,4,4,4,3,5,2,4,2,1,3,2,4,5,3,3,3,2,6,3,2,1,6,2,2,2,4,6,2,2,2,2,3,2,1,3,5,2,1,1,1,45,32,34,27,28,54,23,189,39
19,0,0,1,2,12,0,6,6,5,4,4,5,1,1,5,4,2,5,5,3,2,1,4,2,2,2,2,4,6,5,3,1,2,1,1,6,4,2,2,3,2,2,5,4,3,4,2,2,5,4,2,2,2,4,1,3,2,2,4,5,3,2,4,2,4,2,4,6,1,1,2,2,5,2,6,2,2,3,3,3,1,46,29,24,26,17,46,31,173,41
23,0,1, ,8,13,0,6,1,4,3,5,5,1,4,4,3,6,4,3,3,5,1,6,4,2,4,4,4,4,4,3,2,3,1,4,4,4,4,3,3,2,4,4,5,4,4,3,3,5,4,3,3,4,4,4,4,3,4,4,4,3,3,4,2,2,2,5,5,3,3,2,3,3,3,3,3,2,3,3,3,2,41,38,27,36,31,47,30,203,47
21,0,0,4,4,14,0,4,6,4,4,2,4,2,3,3,4,3,5,1,4,5,1,4,2,1,4,2,5,5,5,2,1,5,1,5,4,1,4,4,2,1,4,5,3,3,4,1,2,4,1,2,1,1,4,2,4,2,2,4,1,1,1,6,1,2,1,2,6,2,3,3,2,5,2,2,2,3,3,3,1,1,27,30,30,23,19,50,27,156,39
18,0,0, ,0,5,0,4,4,4,3,3,3,4,5,3,3,3,4,3,3,4,3,2,3,3,3,4,4,4,3,3,3,3,3,4,3,4,3,4,4,5,4,4,3,3,3,3,4,4,4,4,4,5,4,3,4,4,4,4,4,3,4,4,4,5,5,4,3,3,4,4,3,4,4,3,3,3,3,3,3,4,48,40,25,47,25,40,37,222,55
18,0,0,1,1,13,0,5,6,4,2,4,4,2,2,4,2,4,4,4,4,4,2,4,3,4,5,2,5,5,4,4,3,5,2,3,4,5,4,4,4,5,3,3,5,4,3,2,2,4,4,4,2,3,3,2,5,4,2,4,5,3,1,4,3,4,1,5,4,2,3,3,3,4,3,4,4,3,4,3,3,3,56,42,29,27,23,40,37,214,53
19,0,0,1, , ,0,2,1,1,4,2,6,2,1,1,1,1,6,3,2,1,1,4,5,1,1,3,1,6,5,1,3,1,1,5,6,1,2,1,3,3,1,6,1,1,1,1,1,3,1,1,1,1,2,1,1,1,2,5,1,2,1,5,1,1,1,1,6,1,1,1,1,2,2,2,1,4,5,2,2,1,18,17,7,21,11,54,23,97,18
27,0,0,1,5,16,0,4,3,4,2,4,4,2,4,4,1,4,4,4,4,4,3,4,5,3,4,1,4,6,6,3,6,4,1,1,3,4,4,4,4,5,4,5,5,4,3,1,3,5,5,5,5,4,6,2,1,4,1,5,4,5,3,5,2,5,1,3,6,1,4,3,3,2,1,6,2,2,1,2,2,1,43,49,27,27,27,52,25,198,54
19,1,0,4,2,15,0,5,4,3,3,4,4,5,1,2,2,2,5,2,2,2,2,2,2,2,2,3,4,2,3,4,3,5,3,4,2,2,2,2,4,2,2,4,4,3,5,3,3,4,4,4,3,2,2,2,2,4,4,3,5,4,4,3,3,2,2,2,3,5,5,3,2,5,4,3,3,3,5,4,4,4,43,32,23,38,20,37,40,196,45
18,0,0,1,0,15,0,4,5,5,2,2,5,2,2,6,4,4,5,5,2,6,5,2,5,5,5,1,5,5,5,5,4,5,4,5,5,5,2,5,5,5,5,5,4,4,5,2,5,5,2,4,3,4,5,1,1,3,3,5,3,3,3,5,1,3,2,5,5,2,2,2,2,2,2,2,2,2,2,2,2,2,48,36,37,37,24,55,22,204,47
18,0,0,5,0,13,0,5,5,5,5,5,6,4,3,5,1,3,6,5,3,5,4,5,3,5,4,4,4,6,1,2,3,5,1,3,5,5,5,5,3,1,2,5,3,4,5,1,1,5,1,1,4,2,2,2,4,5,2,6,5,5,1,4,5,4,1,4,5,1,2,1,1,4,6,4,2,2,5,1,3,2,51,42,34,28,20,46,31,206,44
18,0,0,1, ,12,0,5,4,4,4,6,5,6,4,4,4,6,4,6,5,5,4,6,5,6,4,4,5,3,4,6,5,3,1,4,3,5,2,5,6,2,6,4,6,4,3,4,5,4,2,3,4,5,3,1,5,3,2,4,6,3,4,5,6,2,6,6,4,4,4,2,3,2,3,3,3,3,4,3,2,3,70,40,29,44,38,46,31,252,61
18,0,0,1,0,4,0,3,3,3,4,5,5,2,3,4,1,4,4,3,3,4,3,5,3,6,2,3,4,5,4,3,3,3,3,4,3,4,3,4,3,2,4,4,5,5,3,5,3,4,3,3,3,3,3,3,4,3,2,3,4,4,1,4,2,3,3,4,3,2,4,2,3,4,3,3,3,3,4,4,3,4,46,35,25,35,28,41,36,205,47
20,0,0,1,2,15,0,5,6,5,2,5,4,4,2,4,1,5,5,5,4,3,1,2,1,4,4,4,4,5,5,2,3,2,4,3,4,6,2,4,4,2,2,5,2,2,2,1,1,5,2,2,1,3,1,1,4,3,2,5,5,4,1,3,2,3,1,2,4,2,3,3,2,6,2,4,2,2,6,2,4,3,48,34,24,23,21,41,36,186,36
28,0,0,1,4,6,0,2,5,6,1,4,5,1,1,5,1,1,6,6,2,6,6,5,4,4,4,1,6,5,5,5,1,5,1,6,6,6,2,6,2,6,3,6,6,6,6,1,1,5,4,5,6,1,2,1,3,1,1,6,6,1,1,6,3,1,1,2,6,2,1,2,1,3,2,1,1,2,5,1,1,1,53,26,40,29,16,57,20,184,43
20,1,0,1,2,12,0,4,1,4,4,5,4,2,2,5,3,6,4,4,4,4,5,4,4,4,4,4,4,3,5,3,4,4,3,4,2,5,3,4,4,4,5,4,6,3,4,3,4,5,5,4,4,5,4,2,3,4,4,4,5,4,4,4,3,4,3,5,4,4,5,3,3,3,2,3,3,2,3,3,3,3,50,40,29,47,34,46,31,231,56
18,0,0,2, ,13,0,3,6,4,6,4,5,6,5,4,6,6,5,6,5,3,1,1,1,6,3,3,4,4,3,6,2,4,4,5,3,6,3,5,5,3,4,5,4,5,3,6,2,4,6,5,4,3,3,1,3,4,2,6,6,5,3,4,6,4,2,4,5,3,4,2,2,6,4,2,2,3,4,1,3,2,70,44,27,44,24,46,31,240,64
18,1,1, ,1,12,0,5,5,4,3,5,5,2,2,4,2,5,4,3,3,4,4,3,5,5,3,3,4,5,5,4,3,4,4,2,4,4,2,3,4,4,4,5,5,4,3,4,4,3,3,4,3,4,5,3,3,3,3,5,5,4,3,4,3,4,3,4,4,2,3,2,3,2,2,5,2,4,2,2,3,3,50,37,26,41,28,47,30,212,53
20,0,0,1,2,15,0,5,2,3,2,4,4,2,4,3,1,5,4,3,4,4,3,4,3,3,3,2,3,6,4,2,6,3,2,4,5,5,4,4,2,1,4,5,6,3,1,1,3,4,5,4,4,3,2,1,3,3,2,5,4,3,1,4,1,3,1,1,5,1,2,3,3,4,3,3,2,3,5,2,3,2,39,42,21,22,25,44,33,182,45
18,0,1,1,0,12,0,3,5,6,2,5,5,5,3,5,1,5,5,6,3,6,4,6,2,6,3,2,6,5,5,5,2,6,4,3,3,4,3,6,4,4,5,4,5,4,5,2,3,4,4,5,2,4,1,2,3,4,2,4,5,4,2,4,3,4,4,5,4,2,4,2,2,5,2,4,3,3,6,3,3,3,60,38,40,33,32,41,36,239,58
18,0,1,2,0, ,0,6,6,5,3,4,6,4,6,6,1,4,5,4,5,5,2,2,2,5,5,1,4,5,4,3,5,3,2,5,5,4,5,4,2,6,4,4,3,4,5,3,2,4,3,4,3,2,2,6,4,5,4,5,4,5,3,4,3,5,3,5,5,2,2,1,2,5,3,2,3,3,5,2,3,2,50,55,32,39,20,46,31,227,53
22,0,1,6,8,16,0,4,5,6,2,4,5,3,4,5,4,5,5,6,3,5,2,4,5,4,4,2,5,5,5,5,4,5,2,5,3,4,3,5,4,3,4,3,3,2,5,2,2,5,2,2,1,1,5,2,2,2,2,5,5,2,2,5,4,2,2,4,5,2,4,2,2,2,2,2,4,2,2,2,2,2,51,32,36,28,24,53,24,195,45
21,0,0,1,7,15,0,6,6,6,6,6,5,1,1,5,1,5,3,4,2,4,1,5,1,5,2,1,5,5,5,4,4,3,1,3,5,5,2,5,4,4,4,6,5,5,5,2,4,4,4,4,4,4,3,1,1,3,3,6,4,3,3,5,3,4,1,2,4,2,2,2,4,6,2,4,1,3,4,1,2,3,48,36,33,30,30,45,32,209,49
18,0,0,2, ,15,0,6,4,4,1,4,6,1,1,5,4,4,4,5,2,4,1,4,4,5,4,1,4,6,6,4,4,3,1,5,6,6,3,6,5,2,4,6,4,2,3,1,1,6,5,4,3,1,6,1,4,2,3,6,6,1,1,5,1,5,1,6,4,1,1,1,3,3,1,2,1,1,1,1,2,3,56,34,29,21,19,58,19,178,46
18,0,1,6,0,14,0,4,2,4,2,4,4,1,3,4,2,5,5,4,4,5,2,4,5,3,3,1,4,5,5,4,3,2,1,4,4,3,3,4,4,2,3,5,3,2,2,1,2,6,3,3,4,5,6,1,2,3,5,5,5,4,1,6,1,3,1,2,4,2,3,3,2,2,2,3,2,1,1,2,1,3,37,35,25,25,26,55,22,170,39
19,0,0,1,2,15,0,5,3,5,4,6,4,2,1,5,4,6,5,2,2,4,6,6,6,4,4,4,5,3,6,2,2,5,1,5,5,4,1,5,3,6,6,5,6,3,4,2,5,6,4,4,6,6,6,5,3,3,3,6,6,3,2,5,3,3,3,5,6,4,2,3,2,1,1,2,2,1,1,1,2,1,47,31,33,50,37,60,17,215,49
 ,0,1,6, ,13,0,6,3,4,6,5,4,3,3,6,1,4,2,5,4,4,4,5,2,4,5,1,5,5,5,4,2,4,3,4,3,5,4,6,4,1,3,4,3,5,5,5,4,2,3,5,4,4,2,2,4,4,2,2,5,2,2,2,2,5,1,5,1,2,4,3,5,5,2,3,3,5,5,5,5,6,50,45,34,34,29,30,47,239,58
21,0,0,1,4,15,0,3,5,5,2,4,4,2,2,5,2,3,5,4,3,5,3,3,5,4,5,3,5,5,5,5,3,5,2,4,5,3,4,4,3,4,4,4,4,5,5,2,2,5,3,4,3,3,5,2,3,3,2,5,4,4,2,5,2,4,2,2,5,2,2,3,2,2,2,3,3,2,2,2,2,2,44,40,34,31,21,52,25,195,50
21,1,0,1,4,15,0,6,3,3,2,4,4,2,2,3,3,2,3,3,3,3,3,3,4,4,4,4,4,3,3,3,3,2,2,2,3,3,3,3,4,4,4,4,4,4,4,4,4,4,4,3,3,3,2,3,3,4,3,2,2,2,3,3,3,3,3,3,3,4,4,3,4,3,4,5,3,3,5,5,4,4,41,37,22,41,24,34,43,208,50
22,1,0,1,8,15,0,3,2,2,2,4,4,2,3,2,2,4,4,3,3,4,2,3,4,3,4,3,3,4,4,3,3,2,1,3,3,2,3,2,2,4,3,4,3,3,2,2,2,3,1,3,2,4,4,2,3,3,2,5,2,3,3,4,2,3,2,3,4,3,4,3,3,3,3,4,3,4,3,2,3,3,31,34,17,30,24,43,34,170,39
18,0,0,1, ,12,0,5,4,4,3,5,6,6,5,4,5,6,4,5,4,4,4,5,5,6,3,2,5,3,6,5,4,3,1,4,3,4,2,5,6,4,5,4,6,5,4,4,5,4,2,3,6,4,4,1,4,4,4,4,6,3,5,3,6,3,3,6,5,4,4,1,3,2,1,3,3,3,3,3,4,2,66,41,29,46,34,49,28,244,59
20,1,0,1,48,15,0,3,5,4,4,5,5,5,3,3,4,6,3,3,2,5,5,5,5,3,3,4,3,2,5,4,4,3,3,4,2,3,5,5,4,5,4,3,5,3,3,5,5,5,4,2,5,5,4,4,4,3,4,3,4,4,5,5,5,3,5,5,3,5,5,2,4,2,2,3,4,2,3,4,2,4,54,35,26,58,35,45,32,240,59
20,0,0,1,4,15,0,4,3,4,2,2,5,1,3,4,1,3,6,3,4,5,2,2,4,4,4,3,5,5,6,3,3,4,1,4,5,2,3,5,3,1,3,6,4,3,2,1,1,6,3,4,1,1,3,1,4,4,1,6,4,3,1,6,3,3,1,4,6,2,2,2,1,3,1,3,1,1,4,1,1,1,41,38,29,18,14,58,19,159,45
18,0,0,1,0, ,0,5,1,2,4,3,6,5,1,1,1,4,6,2,1,2,4,2,4,4,3,2,2,5,5,2,5,3,1,4,2,3,2,1,4,1,2,6,3,3,1,2,2,4,4,4,3,2,3,1,4,3,1,4,3,4,1,6,1,3,1,4,5,2,5,1,1,3,2,3,1,3,4,3,1,2,40,34,12,24,20,53,24,154,35
22,0,0,2,6,13,0,6,4,5,4,5,5,1,2,5,1,2,6,2,2,5,5,6,5,2,5,6,5,4,5,2,1,2,1,6,5,4,2,5,1,5,5,5,2,3,5,4,1,6,2,1,5,1,5,1,2,2,1,6,3,5,3,6,1,4,1,1,6,3,2,2,1,2,2,1,2,1,2,1,1,1,27,33,32,40,22,61,16,170,37
19,0,0,1,.5,15,0,3,5,5,2,3,5,3,4,6,5,4,6,4,2,5,4,2,6,6,5,3,4,6,5,4,2,5,3,5,4,5,4,5,4,2,3,6,5,4,4,2,3,6,3,1,2,2,5,1,4,5,2,5,4,3,2,6,3,2,1,3,5,1,3,2,1,1,2,2,1,1,2,2,1,2,53,35,34,30,20,60,17,189,45
19,0,0,6,2,16,0,4,1,4,2,5,5,1,2,5,2,4,6,4,2,4,2,5,3,2,2,3,4,5,5,2,2,2,1,5,5,5,2,2,2,2,5,4,2,5,4,1,2,5,2,2,4,1,4,1,1,2,4,5,3,2,1,4,1,2,2,1,6,2,2,2,1,4,2,2,3,2,3,2,3,1,27,27,25,27,24,52,25,155,29
38,0,0,1,5,9,0,4,5,2,3,3,6,2,2,5,1,3,6,1,2,2,3,2,1,5,4,3,4,5,6,3,1,2,2,5,4,3,2,3,1,1,3,5,2,2,3,2,1,5,2,2,3,2,2,1,3,2,2,5,3,3,2,5,2,2,1,2,5,2,3,1,1,6,1,2,2,2,5,2,2,2,34,26,21,26,17,51,26,150,33
18,0,0,1, ,15,0,6,6,6,1,1,6,1,4,1,4,3,6,6,3,4,2,3,3,6,4,1,6,6,6,6,1,3,5,6,4,4,5,6,4,2,3,5,3,5,2,1,3,5,3,4,3,4,3,1,4,4,2,5,3,1,1,6,6,4,2,6,4,1,3,1,1,4,1,1,2,2,4,2,1,3,58,41,28,26,20,55,22,195,53
20,0,0,6,1,12,0,3,6,5,4,5,5,2,4,4,4,6,5,4,4,5,3,4,5,5,5,3,5,6,6,2,4,3,4,4,4,6,3,5,6,4,4,5,4,3,5,2,3,4,5,4,4,3,5,1,5,2,2,6,5,2,1,5,2,4,4,3,5,1,3,2,2,2,1,3,2,3,2,1,2,2,55,38,32,37,28,55,22,212,50
18,0,0,1,2,13,0,4,4,5,4,3,3,4,3,5,2,3,4,4,4,4,3,3,4,4,4,3,5,3,3,3,5,5,3,4,5,3,3,5,3,3,3,4,4,3,4,4,3,4,3,4,3,2,3,3,3,3,3,4,4,4,3,4,3,4,3,4,4,4,2,4,3,3,4,3,3,3,4,3,3,3,46,41,33,41,19,41,36,216,53
22,0,0,1,10,16,0,5,2,5,4,6,6,1,4,5,3,6,4,4,2,5,4,4,4,2,4,5,5,4,4,1,4,4,2,4,3,2,2,5,4,5,6,4,1,3,5,4,3,3,2,5,4,5,5,1,1,5,3,5,1,3,2,4,1,5,1,2,4,3,4,1,3,3,3,3,3,4,2,2,3,3,24,42,34,41,34,47,30,205,46
20,0,1, ,3,15,0,6,6,5,5,5,5,1,5,5,2,5,5,6,5,5,5,5,5,5,5,2,6,2,5,5,4,5,3,4,2,5,4,5,2,6,5,5,4,4,5,4,5,5,5,5,5,5,5,4,4,4,4,5,5,5,5,4,2,4,2,3,5,5,5,2,2,2,2,3,2,2,2,2,3,2,53,51,36,52,35,53,24,251,66
21,1,0,1,6,12,0,5,5,5,3,4,3,5,3,4,1,2,5,4,3,6,4,3,2,3,5,4,4,3,5,3,3,4,2,3,3,4,4,2,1,3,5,4,4,4,3,4,3,2,3,5,4,4,3,3,4,5,4,4,4,5,4,4,3,5,4,4,4,4,4,4,2,5,2,4,3,5,4,3,3,3,47,47,28,44,25,39,38,229,56
18,1,0,4,1,13,0,5,6,5,4,5,4,4,3,4,4,3,4,5,3,4,3,4,4,4,5,4,3,4,4,3,3,5,3,3,4,4,4,2,4,3,5,4,3,4,4,3,3,5,3,4,3,3,4,3,2,4,3,3,4,3,3,4,3,3,3,4,3,3,3,3,3,3,3,4,3,2,3,4,3,4,49,41,27,42,26,42,35,220,50
19,0,1,1,2.5,13,0,6,5,5,3,4,5,4,2,3,2,4,5,5,4,4,3,5,4,4,5,2,4,5,5,5,4,3,2,5,5,1,3,4,3,5,4,5,5,3,3,2,1,5,4,3,3,4,4,2,2,4,3,4,5,5,4,5,4,4,2,6,5,2,2,2,2,3,2,2,2,2,3,3,2,2,53,43,26,35,24,52,25,206,49
24,1,0,2,6,9,0,6,2,3,2,3,4,2,4,2,1,3,5,1,3,4,4,3,4,4,2,1,4,4,5,3,4,3,1,5,4,1,4,3,3,5,4,5,4,3,3,4,1,4,3,3,3,4,4,1,3,3,4,5,4,3,1,4,1,3,1,1,6,3,3,3,2,3,2,2,2,3,3,2,3,1,32,38,22,31,21,51,26,170,41
22,0,0,1,6,9,0,4,3,4,1,4,6,6,1,4,1,5,6,5,2,4,1,5,1,6,6,1,6,4,4,2,3,4,1,6,5,6,2,5,5,1,2,4,6,4,4,1,1,5,4,1,1,3,2,1,1,3,1,6,6,3,1,4,1,1,1,3,4,3,2,1,1,6,3,1,3,2,5,1,3,3,54,30,31,15,22,48,29,181,29
19,0,0,1,2, ,0,6,2,4,3,5,3,2,4,4,1,5,4,5,4,5,3,4,2,2,4,2,5,6,3,3,6,3,2,2,5,6,3,4,5,5,4,4,5,4,4,2,3,3,4,4,2,1,2,2,2,4,2,4,3,4,2,3,1,4,1,5,4,1,2,4,3,5,4,5,3,4,5,3,4,3,45,47,29,28,24,34,43,216,48
18,1,0,1,1,16,0,5,2,3,1,4,4,3,2,4,2,4,5,4,2,4,2,3,3,3,4,2,4,4,5,4,2,4,1,5,4,5,2,4,3,1,2,4,5,3,4,2,2,4,3,4,2,2,3,1,3,2,1,5,3,3,2,4,2,2,1,3,6,3,3,3,2,4,2,2,3,3,4,2,3,1,43,31,27,21,20,48,29,171,40
18,0,0,1, ,15,0,4,4,4,6,6,5,3,3,3,4,6,4,6,4,5,5,6,5,4,4,2,3,2,5,5,1,4,4,3,2,5,4,3,4,4,5,3,4,5,3,5,3,4,4,5,5,6,5,4,4,4,5,3,5,3,5,3,3,3,4,4,2,5,5,2,3,2,2,4,4,3,2,4,4,5,55,40,25,58,37,42,35,250,61
22,0,1,6,12,15,0,4,1,4,4,6,6,1,4,4,3,6,5,5,2,5,1,5,5,2,3,2,4,5,5,1,1,2,3,5,4,4,2,4,1,1,5,4,3,2,3,1,4,5,1,2,1,5,4,3,1,3,1,5,2,4,1,4,1,4,3,1,4,2,3,1,2,2,2,2,3,2,3,2,3,3,24,31,26,26,34,52,25,166,33
19,0,0,1,1,16,0,5,4,5,2,3,6,2,3,5,1,2,5,5,5,5,2,4,4,5,4,3,5,5,5,1,4,4,4,4,5,5,4,5,4,4,4,5,4,3,4,2,4,4,2,4,4,4,3,1,4,4,3,6,4,4,2,5,1,4,1,4,5,2,2,1,2,3,2,3,2,3,4,1,2,2,45,44,33,31,23,52,25,201,49
21,0,0,1,4,12,0,5,4,4,3,3,5,4,2,4,3,4,5,5,3,4,3,4,4,4,4,3,4,4,4,4,3,4,2,4,5,5,3,3,3,3,4,3,3,4,3,4,3,5,3,3,3,4,4,2,3,2,3,5,4,2,3,4,4,3,2,5,4,3,2,2,2,3,3,3,4,2,3,2,3,3,51,34,26,37,24,47,30,202,50
19,0,1,1,0,11,0,4,6,4,2,3,4,2,2,3,3,5,3,3,2,3,2,4,2,6,2,2,4,5,4,5,2,4,4,3,3,2,3,3,1,3,4,4,3,3,2,1,2,3,3,3,1,2,2,1,3,2,2,4,5,3,1,4,1,2,3,5,5,2,4,3,4,5,3,4,3,4,5,3,3,2,45,28,23,27,24,38,39,186,41
18,0,0,6, ,15,0,4,4,4,5,6,5,4,1,4,4,5,5,5,1,1,3,6,3,5,4,4,4,5,5,3,2,5,3,3,4,4,4,4,4,4,5,4,4,3,3,4,4,4,5,3,4,4,4,3,4,3,1,4,4,4,3,4,3,3,2,3,4,2,3,2,2,4,2,4,3,3,3,3,3,3,52,32,25,42,33,45,32,216,55
18,0,0,1,1,10,0,5,5,3,5,5,4,2,2,3,3,5,3,3,5,4,4,5,4,4,4,3,3,3,4,2,3,3,4,4,4,3,3,3,1,2,5,5,5,4,3,4,4,3,3,4,2,4,4,2,2,5,3,4,5,4,2,4,2,5,4,3,4,4,3,3,4,3,3,3,2,4,3,3,3,3,40,44,22,42,31,43,34,213,50
 ,1,0,2,26,6,0,6,2,4,1,1,6,1,1,5,1,2,1,1,1,1,1,1,6,4,6,1,4,6,6,6,1,4,1,6,6,1,4,1,1,3,1,6,4,3,1,1,1,6,3,2,4,1,4,1,1,1,1,6,1,1,1,6,1,1,1,6,6,1,1,1,6,1,1,1,1,1,3,1,1,1,32,27,20,18,8,59,18,123,29
44,1,0,1,208,13,0,5,3,4,6,6,6,2,4,4,6,6,5,2,5,6,5,5,5,4,5,3,2,2,4,3,5,5,4,3,3,4,3,4,4,6,6,6,2,4,4,6,4,3,4,6,5,4,3,5,5,4,4,5,3,4,5,3,2,4,4,3,5,5,4,1,2,2,3,4,1,4,4,2,4,2,41,49,29,64,35,48,29,247,66
18,0,0,2,0,15,0,5,4,4,4,4,5,5,2,4,4,4,5,2,4,4,3,4,3,5,5,4,4,4,4,5,4,4,2,4,5,5,4,4,4,5,4,4,3,4,4,3,3,3,5,4,4,4,4,3,3,3,3,4,5,4,4,4,4,4,3,4,4,3,2,2,2,4,3,3,3,4,3,3,3,3,54,43,28,45,25,44,33,228,58
18,0,0,1,0,15,0,6,1,5,4,5,4,1,1,3,1,4,6,4,4,5,2,5,1,1,1,4,4,6,4,1,1,1,1,5,5,4,4,4,1,1,4,5,1,4,4,2,3,5,1,1,1,1,1,1,1,4,2,6,1,1,1,6,1,4,1,1,5,1,2,3,1,6,3,2,2,2,6,1,1,2,19,31,26,22,24,48,29,151,34
18,0,1,1,0,16,0,4,1,5,2,2,5,1,2,5,4,2,6,5,3,5,2,2,4,4,2,2,5,6,6,2,1,2,2,5,5,4,2,4,2,2,2,5,4,3,4,1,2,5,4,2,2,2,3,2,3,2,2,5,4,2,1,5,1,3,2,2,5,1,2,2,1,3,1,2,2,2,4,2,2,2,37,26,30,25,14,54,23,155,34
19,0,0,1,2, ,0,3,3,4,3,4,4,2,1,4,1,3,5,3,3,4,4,4,5,3,3,2,5,5,5,3,3,4,2,6,5,3,2,5,3,1,3,5,3,4,3,3,3,4,2,3,4,2,4,1,3,3,4,5,3,3,3,4,2,3,1,2,5,2,2,3,2,2,2,1,2,3,3,2,3,2,35,31,29,31,21,52,25,172,43
19,0,0,4,2,18,0,5,5,3,4,3,5,3,3,4,2,4,5,4,4,4,4,4,3,6,5,3,3,4,4,4,3,3,3,2,2,4,2,2,1,5,5,5,1,2,2,2,5,3,2,4,3,5,3,1,1,4,1,5,6,2,2,3,2,3,1,6,6,3,5,2,2,4,3,5,2,4,4,2,4,1,45,37,21,34,31,44,33,201,46
18,0,0,4,1,15,0,6,4,6,6,3,2,4,1,6,4,4,4,5,6,4,1,6,5,6,4,2,5,2,6,3,1,5,3,1,3,6,4,5,4,4,4,4,6,5,3,6,5,4,6,4,1,6,4,2,5,5,1,2,6,6,5,2,4,5,2,4,3,5,4,5,3,2,1,6,3,3,3,5,5,4,63,47,34,42,32,37,40,258,73
18,0,1,1,0,15,0,5,2,3,2,5,5,1,1,4,5,4,4,5,1,3,4,2,4,4,3,1,4,6,6,5,2,3,1,5,4,3,4,4,1,4,2,5,1,3,3,1,3,5,6,3,6,4,5,2,5,2,1,3,4,2,3,4,1,2,1,1,5,1,3,2,3,3,1,2,2,2,2,4,3,2,39,28,24,32,23,51,26,172,45
20,0,0,1,4,16,0,5,2,4,4,4,4,2,4,5,2,5,5,3,4,4,2,2,2,2,3,2,3,4,5,2,4,2,2,2,5,4,3,4,4,2,5,5,5,4,4,2,2,5,5,4,2,5,5,2,1,5,4,4,2,4,2,5,2,4,2,3,5,3,2,3,2,5,2,5,2,2,2,3,2,2,37,44,26,31,25,47,30,193,47
19, ,1,6, ,15,0,3,6,5,6,4,3,1,2,6,4,4,6,3,6,4,6,4,5,4,5,6,4,2,6,5,2,4,4,2,1,3,4,4,3,4,6,6,6,4,4,4,6,6,4,4,5,1,6,5,5,3,2,6,6,4,3,3,2,4,6,5,6,5,6,4,1,2,1,5,1,1,1,1,4,1,53,41,31,60,31,55,22,238,66
20,0,0,1,2,15,0,2,2,4,4,4,5,1,2,5,1,4,5,3,3,4,4,4,5,4,2,1,5,5,5,2,2,2,1,5,3,3,1,4,1,1,4,5,1,1,3,2,3,5,2,1,5,4,5,2,3,2,2,5,1,1,1,5,1,1,1,1,5,2,4,2,2,2,2,2,2,2,2,2,2,2,25,18,27,27,27,55,22,146,32
18,0,1,6, ,24,0,5,6,4,3,4,3,3,5,4,4,4,4,4,4,5,2,3,4,4,4,3,4,5,6,6,5,4,4,2,5,4,4,4,6,2,4,5,2,4,3,2,2,4,5,5,2,2,4,2,5,5,2,4,5,3,2,3,2,5,5,3,5,2,2,4,3,3,1,5,2,3,3,3,4,2,55,49,28,35,21,44,33,221,59
18,0,1,6,0,15,0,5,6,6,4,5,3,4,2,5,2,5,4,6,5,5,2,5,3,4,5,2,5,5,5,4,4,5,2,5,4,5,4,5,4,4,4,3,5,5,5,2,4,4,5,5,2,5,4,3,4,5,2,5,5,5,3,5,3,5,2,6,5,2,3,4,3,4,2,2,4,3,3,2,2,2,61,50,36,32,31,46,31,241,60
18,0,1,6, , ,0,5,5,5,5,4,4,4,4,5,1,4,6,5,5,6,3,4,2,6,5,4,5,4,5,5,2,4,2,4,4,5,5,6,6,4,6,5,5,5,6,4,5,5,2,5,2,3,2,1,6,5,2,6,6,5,1,5,4,4,2,6,5,3,3,3,1,5,2,3,2,2,5,1,2,2,65,50,37,34,29,49,28,243,65
19,0,1,1,0,15,0,4,2,3,2,3,5,3,2,5,4,5,4,4,3,4,2,4,4,4,4,2,3,5,5,3,3,4,2,4,4,3,2,5,3,2,3,5,3,2,5,1,3,3,3,3,2,4,3,2,4,3,2,5,4,3,1,4,3,3,4,3,2,2,3,2,3,3,2,3,2,4,4,2,3,5,42,32,29,28,25,44,33,189,44
19,0,0,1, ,15,0,5,4,5,2,5,4,2,4,5,4,4,5,5,4,5,2,4,4,4,4,4,4,6,5,4,4,4,2,5,5,5,4,5,3,4,5,4,2,4,3,4,5,4,3,2,3,3,2,2,3,5,4,4,4,4,4,4,4,4,4,4,4,1,2,3,2,3,2,2,3,3,5,3,3,3,47,44,31,40,28,45,32,222,57
23,0,0,2,10,6,0,4,5,4,3,4,4,3,4,4,4,4,3,4,4,4,3,3,3,4,4,3,4,4,4,4,4,4,2,3,4,4,3,4,5,2,4,4,3,4,4,3,3,4,3,4,3,4,3,4,4,4,4,4,4,4,4,4,4.03985280720856,4,4,3,3,3,3,3,4,4,3,4,3,3,4,3,3,4,50.0398528072086,43,28,42,25,39,38,226.039852807209,56.0398528072086
19,1,0,2,37287,15,0,4,5,5,5,6,6,4,3,4,4,6,4,3,4,5,4,5,5,5,4,5,4,4,5,4,4,3,3,3,4,5,4,4,5,5,5,4,5,4,4,3,3,4,3,4,3,4,4,2,3,3,2,4,4,4,4,3,2,4,3.53630333435168,5,4,3,3,1,3,2,2,4,3,3,3,3,4,3,53,42,29,46.5363033343517,32,46,31,233.536303334352,54
18,0,1,1,0,5,0,6,4,4,4,4,4,2,3,4,2,5,3,5,4,4,4,5,4,4,4,4,4,4,5,5,5,4,2,2,3,5,4,4,2,4,5,4,6,4,4,4,5,3,5,5,4,5,4,3,4,5,3,4,6,6,2,2,2,2,1.58380113594924,4,4,3,4,3,4,3,2,5,3,4,3,3,5,3,54,48,28,40.5838011359492,33,39,38,241.583801135949,60
19,0,1,2,1,12,0,5,4,4,5,4,4,3,2,5,4,5,5,5,4,4,3,4,3,4,4,4,4,3,4,4,5,4,3,4,4,5,4,4,5,5,4,4,4,4,4,5,5,4,4,4,4,4,4,3,3,4,4,4,4,4,4.30340326177553,3,3,4,4,4,5,4,3,3,2,4,3,3,3,3,3,3,4,2,52,44,29,52.3034032617755,29,44,33,239.303403261776,59.3034032617755
21,0,0,1,6,12,0,6,6,6,6,6,6,4,6,6,6,6,4,6,6,6,5,5,5,5,5.648311368201,4,5,5,5,4,6,5,5,1,6,6,4,6,6,6,1,1,6,6,5,5,1,2,6,5,5,1,3,3,6,6,1,6,6,6,6,6,6,6,6,6,6,2,1,1,3,2,2,6,6,5,4,1,1,1,73,62.648311368201,39,60,21,45,32,287.648311368201,73
22,0,0,2,8,14,0,6,6,6,5,4,5,1,1,6,3,4,6,2,2,6,1,6,6,1,5,1,6,5,6,1,4,3,1,5,5,3.69179625629754,1,6,1,6,4,5,1,3,6,2,3,5,1,4,1,5,6,1,2,5,1,6,2,3,1,3,1,4,1,2,6,2,2,2,1,1,1,2,2,2,1,1,4,1,24.6917962562975,38,39,26,28,59,18,173.691796256298,37
19,0,0,1, ,15,0,6,6,4,2,4,5,4,6,4,4,4,4,4,5,5,4,3,3,4,6,3,6,6,5,6,5,5,3,5,5,5,3,6,4,2,5,4.3523213595112,5,5,4,3,3,4,4,6,4,3,3,3,3,5,3,4,4,5,2,2,3,5,2,5,5,1,2,2,3,4,2,2,2.6476786404888,3,4,3,5,2,57,57,34,36,24,44.3523213595112,32.6476786404888,240.647678640489,61
19,1,0,1,0,12,0,2,2,6,2,3,5,3,1,4,2,5,5,4,5,4,4,5,5,6,4,2,3,4,4,5,5,5,4,5,3,3,2,5,5,2,4,4,5,3,4,3,2,3,4,4,4,4,4,2,2,3,3,4.30443041368892,4,3,3,4,2,3,3,5,5,3,4,2,2,2,3,2,3,4,3,2.69556958631108,3,2,50,35,31,37,27,48.3044304136889,28.6955695863111,208.695569586311,51
18,0,0,1,0,5,0,4,5,6,5,5,5,3,3,5,5,4,4,2,4,5,5,5,2,3,4,3,5,2,3,6,2,5,4,3,2,3,3,5,4,5,3,3,3,5,5,5,3,3,4,3,5,5,3,5,4,4,3,3,5,3.11343543789603,4,3,3,3,4,5,3,5,5,2,3,5,4,4,4,4,4,4,4,4,50,38.113435437896,36,58,30,35,42,254.113435437896,59
18,0,0,1,0,13,0,5,2,5,5,4,5,2,3,5,3,4,5,3,4,6,4,3,4,5,4,3,6,2,4,5,5,5,4,4,3,4,3,6,4,5,3,5,5,4,5,4,3,4,3,4,4,2,4,3,2,4,4,5.04766365914289,5,4,5,4,2,4,4,4,4,5,4,2,2,3,3,3,2,3,3,1.95233634085711,3,3,46,44,38,53,23,48.0476636591429,28.9523363408571,232.952336340857,56
22,0,0,1,8,12,0,6,6,6,4,5,5,4,3,4.78076818818821,1,1,6,5,5,5,4,4,6,5,5,1,5,5,6,4,6,5,1,5,5,5,5,6,5,6,5,6,5,4,5,1,6,6,3,5,1,6,5,2,5,6,1,6,5,5,1,6,4,1,1,6,6,2,2,2,1,1,1,2,1,1,2,1,1,1,62,51,36.7807681881882,26,29,63,14,218.780768188188,58
19,0,0,1,3,12,0,6,6,6,6,6,4,1,4,5,1,6,1,6,6,6,4,6,1,4,6,6,5.7069031349682,6,4,4,6,6,4,1,1,6,6,6,2,1,6,6,6,6,6,1,6,2,2,6,6,6,1,1,1,3,1,5,6,6,1,4,1,6,1,2,4,1,6,3,6,6,3,6,1,5,6,2,3,3,47,61,40.7069031349682,34,42,33,44,268.706903134968,64
21,0,0,4, ,15,0,3,2,4,3,4,4,3,2,2,2,2,3,3,3,3,1,1,2,2,2,4,4,3,4,5,6,5,3,3,4,2.67779569188951,2,1,1,2,1,3,3,2,5,5,5,6,6,5,5,4,4,5,3,3,4,4,4,2,3,3,3,3,3,3,3,4,3,3,4,5,3,4,4,1,3,3,4,4,40.6777956918895,33,24,44,20,39,38,199.67779569189,54
18,1,0,1,0,12,0,2,1,4,3,3,4,1,1,4,2,4,6,2,1,3,4,4,6,2,2,1,4,5,6,3,1,3,1,6,6,4,1,2,2,1,4,5,3,1,3,2,4,6,3.51018839293705,3,4,4,6,1,4,1,4,6,4,1,3,6,1,1,2,5,6,2,1,3,1,1,1,1,2,1,1,1,1,1,35.5101883929371,15,23,30,24,63,14,141.510188392937,36.5101883929371
18,0,0,6, ,14,0,3,1,3,3,4,6,1,3,3,3,3,3,6,3,3,1,4,3,4,3,4,5,5,5,1,1,6,2,2,4,3,3,4,2,2,4,3,3,4,4,3,4,4,3,4,2,3.85554396026414,3,4,3,3,4,5,4,3,4,4,4,4,4,4,3,2,3,1,4,4,2,5,4,3,4,2,3,4,39,34,28,38,25.8555439602641,41,36,200.855543960264,55
22,0,1,1,4,9,0,5,3,4,2,6,4,1,3,3,4,5,3,4,3,4,1,6,5,4,3,2,3,6,5,1,5,3,1,2,2,5,4,3,2,2,6,4,2,3,3,1,5,3,3,4,1.87479070558598,4,5,1,4,4,1,5,3,4,1,4,1,4,1,3,4,1,5,3,4,2,2,5,3,4,2,2,3,3,36,42,23,19.874790705586,37,44,33,190.874790705586,48
19,1,0,4,2,12,0,4,4,4,4,3,4,4,3,4,4,4,4,4,5,3,3,3,3,4,4,5,3,3,4,5,5,5,5,4,4,4,3,3,2,4,4,4,1,3.40854143644254,5,3,4,4,6,4,4,4,3,4,5,4,4,4,3,4,4,5,4,4,3,4,5,4,3,3,3,4,3,3,3,3,4,3,2,2,50,43.4085414364425,27,51,25,44,33,229.408541436443,62
19,0,0,1,3,16,0,4,5,4,2,4,4,3,1,2,2,2,5,3,2,3,1,6,3,3,2,1.51355445999744,4,5,4,4,4,3,2,4,3,4,2,3,2,5,3,4,5,4,2,2,2,3,3,4,2,2,3,1,3,3,2,5,4,2,2,3,2,3,3,5,4,2,4,3,2,4,3,3,3,4,4,2,4,3,46,31,21,27.5135544599974,23,42,35,183.513554459997,41
21,0,1,6,6,7,0,6,4,5,1,2,5,4,3,6,1,4,5,4,6,4,4,2,1,5,3,1,4,6,4,4,2,4,1,5,6,4,3,5,6,1,2,6,4.55680473834188,6,5,1,1,5,5,6,4,3,4,1,1,4,1,5,5,3,1,6,4,4,5,5,6,1,1,2,2,6,3,2,1,2,3,2,1,1,55.5568047383419,46,33,23,15,52,25,197.556804738342,49
26,0,0,1,5,12,0,4,6,5,4,3,5,1,3,4,3,4,4,3,4,5.40143254262621,1,2,5,2,4,2,5,4,6,2,4,5,3,5,4,6,3,5,1,4,4,6,6,5,4,2,1,1,2,4,1,4,5,1,5,5,3,4,5,2,1,4,1,4,2,4,4,3,3,2,3,2,1,2,1,6,2,3,3,3,44,42,33.4014325426262,30,21,49,28,198.401432542626,45
20,0,1,1,48,12,0,5,5,5,2,3,5,3,3,5,1,1,5,4,3,3,2,2,5,5,4,1,5,5,5,4.8070116313205,3,4,2,5,5,5,2,5,4,1,1,5,5,4,5,1,1,5,4,2,1,1,5,1,1,3,2,5,4,2,2,4,3,2,1,4,5,2,2,2,2,2,2,2,2,2,2,2,3,2,51.8070116313205,33,32,19,11,54,23,169.807011631321,37.8070116313205
20,0,1,6,4,14,0,6,6,4,2,3,6,3,3,5,2,2,5,4,2.61456180668116,5,4,3,3,4,3,3,5,6,3,3,3,3,1,6,5,5,2,4,2,2,2,6,4,3,4,2,3,6,1,3,3,2,4,1,4,2,2,5,4,3,2,6,2,2,1,4,6,1,2,1,2,4,4,1,1,1,3,2,1,1,46,32.6145618066812,30,26,17,56,21,172.614561806681,36.6145618066812
18,0,0,1,0,15,0,5,1,4,2,4,4,2,1,5,1,5,6,2,1,4,2,4,6,5,4,2,3,5,6,2,1,3,1,6,2,4,2,3.74994701872488,4,1,4,6,2,4,4,2,4,6,2,5,2,3,6,1,2,4,2,6,2,3,1,6,1,4,1,3,6,2,5,3,1,1,1,1,1,1,1,1,1,1,32,34,26.7499470187249,20,29,64,13,154.749947018725,37.7499470187249
20,0,0,1,42,12,0,6,6,6,4,4,3,6,6,4,4,4,4,5,6,5,3,3,3,4,6,6,6,2,4,5,5,5,2,2,4,5,4,4,4,5,4,4,4,5,5,5,2,3,4,5,5,3,4,5,5,5,1,4,6,6,4,3,4,6,3.93525205444402,4,4,5,3,4,3,4,3,5,3,4,3,3,4,3,62,60,35,52.935252054444,23,38,39,271.935252054444,68
20,0,0,2,2,9,0,6,5,4,4,4,2,4,4,4,4,4,4,4,4,4,6,4,4,4,4,4,4,4,4,4,4,4,5,4,3,4,4,4,4,4,4,4,4,4.09231069625496,4,4,4,4,4,5,4,4,4,5,4,4,4,4,4,4,4,4,4,6,4,4,4,3,4,5,3,3,3,3,3,3,3,3,3,3,53,49.092310696255,28,55,28,42,35,248.092310696255,62
 ,0,1,1, ,15,0,2,4,4,5,4,4,2,3,3,4,4,3,4,3,4,2,3,4,4,3,2,4,4,3,3,3.08352621230042,4,3,4,4,4,2,3,2,3,4,3,5,3,4,4,3,3,4,3,2,2,4,2,2,3,2,4,4,4,2,2,2,3,2,3,3,3,3,3,4,3,4,3,4,4,3,3,5,4,43,32.0835262123004,26,36,23,37,40,200.0835262123,45
18,0,0,4, ,15,0,4,6,4,4,4,4,5,3,4,4,4,3,3,3,4,3,4,3,5,4,3,5,3,4,4,4,4,3,4,3,4,4,5,3,5,4,4,4,3,4,3,3,4,4,4,3,3.96131630711434,4,4,4,3,3,4,5,4,3,4,4,4,3,4,4,4,4,3,4,4,3,3,3,3,3,3,3,3,55,40,30,45,26.9613163071143,42,35,231.961316307114,56
18,0,0,1, ,12,0,6,4,3,1,2,5,4,1,4,1,3,5,2,2,4,4,3,2,4,4,1,4,5,5,2,2,1,1,5,5,4,1,4,4,4,2,5,3,3,3,1,1,4,1,2,2,1,2,1,1,2,2,6,4,1,1,6,3,2,1.26072310275979,5,5,2,2,2,2,5,2,2,2,3,5,1,1,2,41,26,23,22.2607231027598,14,50,27,153.26072310276,26
18,0,0,2,0,12,0,3,5,3,2,4,4,3,3,2,3,5,4,4,2,2,2,4,3,3.89851869221848,3,2,2,4,4,3,5,3,4,2,3,4,3,3,4,4,3,3,4,3,3,3,5,4,4,4,3,5,3,4,4,3,4,4,5,4,3,4,3,4,4,6,4,3,4,3,3,4,3,5,4,3,4,3,3,3,52.8985186922185,37,18,41,30,39,38,216.898518692218,52
18,0,0,4,1,13,0,4,4,3,4,4,6,4,4,4,3,4,5,4,2,3,4,4,5,6,2,3,4,5,3,5,3,4,4,6,6,4,3,4,4,5,4,6,4,2,3.9091045665842,5,5,4,3,3,4,2,3,3,2,4,3,5,5,4,4,5,6,3,4,5,4,2,1,1,2,2,4,1,1,3,4,2,2,3,56,34,25.9091045665842,48,24,52,25,212.909104566584,54
19,1,1, ,2,12,0,6,3,4,2,4,5,2,2,5,1,2,5,5,2,4,2,6,6,2,4,3,5,3,6,3,3,2,2,6,5,5,4,2,3,2,5,6,4,5,6,2,2,5,3,2,2,5,4.74393973518023,1,2,5,2,5,2,4,5,5,2,4,4,5,5,4,2,2,2,1,1,1,1,2,2.25606026481977,2,2,2,41,41,28,32,26,58.7439397351802,18.2560602648198,186.25606026482,41
19,0,0,1,1,12,0,6,6,5,2,5,4,5,3,5,2,5,4,6,4,5,4,5,4,6,4,5,6,4,5,3,4,5,2,5,5,6,3,6,6,3,5,5,4,4,6,2,2,5,5,5,3,4,5,2,3,5,2,5,6,3,1.98354356121672,5,5,5,1,5,5,3,2,3,3,3,2,2,2,2,2,2,2,2,66,46,38,32.9835435612167,28,52,25,235.983543561217,56.9835435612167
18,0,0,1,1,16,0,4,4,4,3,5,5,3,2,3,2,5,4,4,3,4,2,5,4,3,3,5,4.03072550664777,5,3,3,4,4,1,4,3,5,3,4,4,4,5,3,4,2,3,2,4,3,3,3,3,5,3,2,2,3,3,5,4,3,2,4,3,3,1,4,4,2,4,2,3,3,4,3,4,4,4,2,3,3,46,33,26.0307255066478,32,33,42,35,205.030725506648,47
 ,0,0,1,2,16,0,5,2,5,5,4,5,2,2,5,1,3,5,5,2,2,6,5,3,5,3,2,5,4,5,2.98014675769491,4,4,3,6,6,6,3,5,3,5,5,5,5,2,4,4,3,4,2,2,4,1,3,2,4,3,4,5,4,4,4,4,2,4,2,2,6,3,1,2,2,4,2,1,2,3,4,2,3,1,44.9801467576949,34,30,45,22,51,26,201.980146757695,47.9801467576949
18,0,0,1,0,12,0,6,6,6,1,6,6,6,6,1,1,6,1,6,6,5,1,6,6,6,6,6,5,6,6,6,1,6,1,1,6,6,5,6,2,2,6,1,6,6,1,1,6,6,6,6,1,6,5,1,1,3,1,1,6,3.57243669830711,1,1,6,5,1,6,1,1,1,1,6,1,1,6,6,1,2,6,6,6,69,53.5724366983071,30,19,37,35,42,250.572436698307,73
25,0,0,1,6,15,0,4,2,3,2,3,5,1,4,4,1,3,6,3.65961587080684,2,4,1,1,6,3,5,1,4,5,6,3,2,3,1,5,5,5,4,4,2,4,1,6,3,4,3,1,1,6,1,3,1,1,6,1,2,3,1,6,4,4,1,6,1,3,1,1,6,2,2,2,1,1,1,2,1,1,1,1,1,1,31.6596158708068,38,25,18,12,64,13,137.659615870807,32
21,1,0,4,106,13,0,3,3,3,4,3,3,4,3,3,4,3,2,3,3,4,3,3,3,4,4,4,4,3,4,3,4,4,3,3,4,3.16674640099748,3,3,3,4,4,4,3,4,4,4,5,4,4,4,4,4,4,3,4,4,4,3,3,4,4,4,3,4,4,4,3,4,3,4,5,4,3,4,3,3,3,4,3,4,44.1667464009975,40,25,49,25,37,40,223.166746400997,56
62,1,0,1, , ,0,2,6,5,4,5,6,3,1,5,2,5,6,4,2,5,1,2,4,5,5,2,5,5,5,1,3,4,1,6,5,4,1,5,4.69947586352408,4,4,6,5,5,4,3,4,3,4,4,4,4,4,1,4,1,4,6,5,4,2,5,4,1,1,4,1,2,2,1,1,3,2,1,1,4,3,1,2,6,53.6994758635241,29,33,31,26,52,25,197.699475863524,44
19,1,0,1,0,15,0,5,4,4,3,5,5,3,2,5,1,4,5,3,4,4,2,5,4,5,4,3,2,3,4,5,2,4,1,4,5,2,3,2,5,4,3,2,4,5,5,4,3,4,3,4,5,3,4,2,4,3,3,4,5,4,4,3,3.16158512171715,2,4,3,4,4,2,2,2,3,3,3,5,3,3,3,4,3,49.1615851217171,38,26,40,25,43,34,212.161585121717,51.1615851217171
18,0,0,1,0,15,0,5,5,5,4,3,3,3,3,3.55490933571938,1,1,5,6,4,3,4,5,3,3,3,4,4,4,2,2,6,6,6,6,1,2,2,3,3,4,4,4,5,3,3,5,2,2,2,2,1,3,4,3,4,4,4,4,3,3,3,2,2,1,6,5,5,3,6,4,2,4,5,1,3,5,3,3,5,2,45,36,27.5549093357194,48,24,40,37,217.554909335719,43
20,1,0,2,4,15,0,5,3,4,4,3,6,3,2,4,2,4,4,3,3,3,2,4,5,3,3,3,3,3,5,3,4,4,3,4,4,2,3,4,4,4,4,5,4,3,3,4,4,5,3,4,4,4,4,3,3,3,4,5,4,3,4,4,3,3,3,4,4.26835875218413,4,3,1,3,2,2,3,2,2,3,2,3,2.73164124781587,42,36,25,44,26,51.2683587521841,25.7316412478159,198.731641247816,52
18,0,1,6,1,16,0,4,2,5,6,5,6,6,4,4,1,5,3,2.28342044034246,2,4,1,2,4,6,5,1,6,3,5,6,2,5,1,2,1,2,3,6,3,6,6,6,6,6,5,5,4,4,2,3,4,6,4,1,4,3,5,4,5,4,4,4,1,2,1,2,4,4,6,1,4,3,2,5,1,3,3,3,3,3,47.2834204403425,38,35,40,34,46,31,225.283420440342,58
18,0,0,1,1,15,0,6,3.70180227488089,4,1,6,6,1,2,4,1,5,4,5,4,4,1,6,4,6,5,1,5,6,5,4,2,6,1,5,5,6,4,6,6,1,4,4,5,3,5,1,3,2,3,2,3,2,2,1,1,1,1,5,5,1,1,5,4,4,1,6,5,1,2,1,3,3,2,2,3,5,5,2,2,2,55.7018022748809,34,34,15,28,47,30,196.701802274881,49
23,0,0,4,58,13,0,5,6,4,4,3,6,5,2,4,2,2,5,5,2,3,2,3,3,5,4,2.26159105010945,4,5,3,2,3,3,2,6,5,3,3,4,3,2,2,6,3,4,4,2,4,5,4,2,1,3,3,1,5,3,2,4,6,5,2,5,5,3,1,1,4,2,2,1,2,4,4,1,1,2,4,3,2,3,53,36,26,25.2615910501095,19,50,27,186.261591050109,44
19,0,1,1,1,12,0,5,6,5,3,4,5,5,5,5,2,4,5,5,5.01585168368928,5,6,3,4,5,5,5,5,6,5,6,5,5,2,5,5,5,3,5,5,6,5,5,4,3,4,3,4,5,3,5,6,3,4,4,5,5,3,4,5,3,2,4,5,4,3,4,6,1,2,2,2,3,2,2,2,2,3,3,3,1,63,48.0158516836893,34,46,25,52,25,241.015851683689,62.0158516836893
23,0,0,4,9,16,0,4,6,5,2,6,4,4,2,4,5,6,4,4.43749602692375,2,5,1,6,5,4,5,2,5,4,5,5,1,4,4,5,2,4,3,5,4,5,6,3,2,3,4,2,5,4,3,4,2,6,3,4,3,3,2,5,6,2,2,3,4,4,4,5,4,3,5,3,3,2,2,2,4,3,4,2,4,3,54.4374960269238,33,32,38,40,45,32,229.437496026924,54
20,0,0,1,4,15,0,5,6,5,6,6,5,1,2,5,5,6,3,5,5,4,1,1,2,5,4,2,5,5,2,4,3,5,5,1,2,6,5,5,3,6,6,6,3,5,4.7909002823521,4,3,2,4,5,6,4,1,6,5,6,3,4,5,6,3,2,1,5,6,3,4,2,5,2,4,5,5,6,1,5,6,3,5,3,51,51,33.7909002823521,55,31,32,45,266.790900282352,66
21,1,0,1,4,10,0,2,4,4,5,2,6,1,1,3,1,3,6,5.01320562642673,5,4,6,1,6,5,4,1,5,4,6,3,1,4,1,2,6,6,2,4,2,4,1,6,6,5,4,2,1,6,3,2,1,1,5,1,2,1,3,6,6,1,2,3,2,2,2,3,6,3,1,1,1,1,1,5,1,1,2,1,4,1,48.0132056264267,26,28,32,10,58,19,163.013205626427,40
19,0,1,1,2,15,0,4,4,4,3,3,3,4,5,2,3.62234250572446,5,2,2,4,4,3,5,5,5,5,4,4,4,4,3,3,3,4,4,4,4,3,3,3,3,3,4,4,4,3,3,4,4,4,4,3,5,4,3,4,4,3,4,4,3,3,4,3,3,3,4,3,3,3,4,5,2,3,3,3,3,3,3,3,4,48,42,23,41.6223425057245,28,41,36,218.622342505724,50
28,0,0,1, ,12,0,6,2,4,3,5,6,1,2,6,1,4,5,5,5,4,1,6,4,4,3,1,5,5,4,1,3,1,1,4,5,4,4,4,3,1,3,5,3,4,5,3,3,5,2,3,1,2,2,1,3,3,2,6,3.07612406664712,3,3,5,1,3,1,3,2,2,2,1,2,3,3,3,2,2,5,1,2,5,35.0761240666471,39,29,21,25,48,29,178.076124066647,42
18,0, ,6, , ,0,2,1,1,5,1,1,6,5,1,6,5,6,6,2.97725639471665,5,4,2,5,5,5,2,5,5,5,5,1,4.04538019849542,1,5,5,5,5,5,2,5,5,3,2,5,5,1,5,5,2,4,4,2,5,2,2,5,2,5,2,4,3,4,1,1,2,2,5,2,2,6,1,2,2,2,4,2,2,2,3,2,41,39.9772563947166,26.0453801984954,39,22,49,28,196.022636593212,48.0226365932121
22,0,0,1,8,16,0,1,2,4,1,5,6,2,1,6,1,5,5,4,1,4,2,4,6,1,1,1,4,6,6,1,1,4,1,6,5,5,1,5,2,2.25927463013927,4,5,3,1,4,1,1.67214646822923,3,1,1,2,2,6,1,6,1,1,6,4,4,1,5,1,2,1,4,6,1,2,1,2,1,1,1,2,4,1,1,2,1,36,15,31,16.2592746301393,23.6721464682292,60,17,138.931421098369,31.6721464682292
23,0,0,6,12,18,0,4,4,4,4,4,4,3,4,2,2,2,4,4,4,3,3,3,3,3,3,3,3,4,4,2,4,3,3,4,3.63218053464039,3,3,2,4,3,3,3,4,1,4,4,4,2,4,4,4,3.03232037933618,3,3,3,2,3,3,3,3,3,4,3,3,2,2,3,3,3.36781946535961,3,3,4,3,3,4,5,4,4,3,4,42,35,21,40,22.4001398446958,37,40,200.400139844696,48
 ,1,1,6, , ,0,6,2,3,1,3,6,1,1,3,1,2,4,3,1,2,2,4.54131710306151,3.42204959332667,5,2,2,3,3,2,2,4,3,3,3,3,3,3,3,3,3,3,3,3,3,3,1,2,6,3,3,2,4,4,1,2,4,1,6,3,1,1,6,1,3,4,6,6,4,4,1,3,3.57795040667333,5,4,4,1,3,1,1,1,37,31,20,26,22.5413171030615,49.4220495933267,27.5779504066733,164.119267509735,35
23,1, ,1,6,14,0,6,1,1,1,1,6,1,1,2,1,1,6,2,1,1,3,1,6,2.94879803581901,2.96042866154687,1,1,6,6,1,1,4,1,6,6,1,1,1,1,1,1,6,2,4,1,1,1,6,1,1,2,1,2,1,1,1,1,6,1,1,1,6,1,2,1,1,6,1,1,1,1,1,1,1,1,1,5,1,1,1,16.948798035819,21.9604286615469,11,16,7,62,15,87.9092266973659,19
19,0,0,1,2,9,0,3,4,4,3,6,4,1,1,4,1,5,4,4,2,5,1,5,4,4,5,2,4,5,4,5,1,6,5,5,2,5,4,4.38216239717085,1,2,4,3,6,3,3,2,5,2,4,4,4,5,3.74542788607926,3,4,3,3,4,4,2,1,4,3,2,2,3,4,2,5,3,3,3,3,2,4,5,3.25457211392074,3,3,3,48,30,30.3821623971709,31,35,41.7454278860793,35.2545721139207,209.636734511092,52.3821623971709
20,1,1, ,2,4,0,2,1,5,4,4,6,1,2,5,4,5,4,5,3,4,1,5,3,1,4,3,4,4,4,3,3,4,2,4,3,5,2,4,1,2,5,5,3.76206286908003,3,4,3,4,4,3,3,2,4,4,2,3,2,3.07432412245625,2,4,2,2,5,1,2,2,3,5,3,4,1,3,4,3,3,2,3,3,5,2,2,34.76206286908,28,30,33.0743241224562,31,46,31,187.836386991536,45
31,1,1,6,0,15,0,5,4,4,1,4,4.2559488334503,4,2,1,1,1,4,4,4,1,1,1,4,1,3,1,4,4,4,4,4,1,.974965430608564,2,4,3,1,1,1,1,1,1,1,1,1,1,1,1,1,1,1,1,1,1,1,1,1,1,1,1,1,1,1,1,1,1,1,3,3,2.7440511665497,3,3,3,5,6,6,6,6,6,6,27,24,13,14.9749654306086,12,24.2559488334503,52.7440511665497,143.719016597158,25
23,1,0,1,6,9,0,4,2,3,3.69138361315684,5,4,2,3,3,2,4,2,4,3,4,6,2,2,4,3,2.81964748765673,5,2,6,3,2.89797232250173,4,1,2,5,6,3,3,2,4,4,6,2,2,3,4,3,5,4,4,2,3,3,2,2,4,2,3,6,2,2,1,4,2,2,3,2,5,2,3,5,5,1,5,1,2,4,4,6,5,44,32.8979723225017,25,38.5110311008136,23,36,41,204.409003423315,50
20,0,0,1,2,12,0,4,6,5,4,4,5,2,2,4,4,5,4,5,3,5,3.75008585532021,4,4,4,5,3,4,4,4,4,5,4,5,4,2,5,1,5,3,5,5,4,3,4,4,4,4,4,4,5,4,3,4,3,4,4,3,5,5.25554209166509,4,4.01302713842019,4,3,5,5,6,4,3,5,2,3,3,3,3,3,3,3,2,3,3,54.2555420916651,42,31,50.7631129937404,30,46,31,239.018655085405,58.0130271384202
19,0,1,6,3,15,0,3,4,5,6,4.24298789599328,4,3,2,1,2,3,3,3,5,4,4,6,1,2,3,3,3,4,4,4,3,4,3,4.06820923092528,2,2,2,3,6,6,6,6,5,5,4,3,3,4,3,3,4,4.27850546998454,2,2,3,4,4,3,2,3,4,5,5,5,4,3,3,3,5,3,4,6,3,2.93179076907472,1,3,5,4,2,4,45,38,24,48,31.5214933659778,39.0682092309253,37.9317907690747,224.453284135053,55.9317907690747
27,1,0,1,3,12,0,3,6,5,2,5,5,1,3,5,4,6,4,6,3,5,4,5,3,4,2,3,4,5,3.8324308815013,4,3,4,4,3,3,4,2,4,2.66055333926732,3,5,3,4,3.97265070330678,4,3,3,4,2,4,4,3,3,4,3,4,2,4,3,3,4,5,2,3,3,4,3,2,4,2,3,4,3.1675691184987,4,4,3,4,3,2,4,45.6605533392673,33.9726507033068,31,42,31,40.8324308815013,36.1675691184987,219.800773161073,50
20,0,1,2,3,15,0,6,4,4,3,5,3,4,4,5,1,4,4,3.67897085304566,3,3,3,4,4,4,5,5,5,5,5,4,3,4,1,4,4,3,4,3.73873633685902,5,1,5,3,3,3,4,2,2,4.08145478953968,3,3,4,3,4,3,4,6,1,4,6,3,1,3,3,4,3,5,4,2,3,4,3,3,2,3,4,2.91854521046032,3,3,4,3,51.6789708530457,44,28.738736336859,30,26,42.0814547895397,34.9185452104603,215.336252400365,48.738736336859
18,1,0,2, ,15,0,6,1,4,4,4,6,1,1,6,4,5,6,4,2,3,2,2,5,2,2,5,5,5,6,6,4,4,1,6,6,6,4,6,4,2,1,6,5,5,6,1,2,6,4,4,2,2,6,2.10524857225454,1.30726072033784,2,2.80904832266858,6,4,3,3,6,1,1,1,6,6,2,1,1,1,2,1,1,1,1,1,1,1,1,45.3072607203378,34,34,31.9142968949231,17,65,12,174.221557615261,41.3072607203378
21,0,0,1,4,18,0,2,2,3,3,4,5,5,3,4,3.05311216122377,3,3,3,4,3.70577475547925,2,2,3,3,3,4,4,4,3,3,2.77224729955011,3,3,4,4,4,4,4,5,2.80655277584356,3,3,3,4,4,4,3,3,3,3,2,2,2,3,3,3,3,3,3,3,3,4,3.35302011379715,3,4,3,3,3,3,2,4,4,4,3,4,4,5,4,3,4,43.3530201137972,34.7722472995501,25.7057747554793,39.8596649370673,20,36,41,204.690707105894,49.3530201137972
